lat,lon,timezone,state,finalCategory,displayValue,hourlyCategories,weather
24.75,-81.5,America/New_York,FL,0,0,0|0|0|0,
24.75,-81,America/New_York,FL,0,0,0|0|0|0,
25.25,-81,America/New_York,FL,0,0,0|0|0|0,
25.25,-80.75,America/New_York,FL,0,0,0|0|0|0,
25.25,-80.5,America/New_York,FL,0,0,0|0|0|0,
25.5,-81,America/New_York,FL,0,0,0|0|0|0,
25.5,-80.75,America/New_York,FL,0,0,0|0|0|0,
25.5,-80.5,America/New_York,FL,0,0,0|0|0|0,
25.75,-81.25,America/New_York,FL,0,0,0|0|0|0,
25.75,-81,America/New_York,FL,0,0,0|0|0|0,
25.75,-80.75,America/New_York,FL,0,0,0|0|0|0,
25.75,-80.5,America/New_York,FL,0,0,0|0|0|0,
25.75,-80.25,America/New_York,FL,0,0,0|0|0|0,
26,-81.75,America/New_York,FL,0,0,0|0|0|0,
26,-81.5,America/New_York,FL,0,0,0|0|0|0,
26,-81.25,America/New_York,FL,0,0,0|0|0|0,
26,-81,America/New_York,FL,0,0,0|0|0|0,
26,-80.75,America/New_York,FL,0,0,0|0|0|0,
26,-80.5,America/New_York,FL,0,0,0|0|0|0,
26,-80.25,America/New_York,FL,0,0,0|0|0|0,
26.25,-81.75,America/New_York,FL,0,0,0|0|0|0,
26.25,-81.5,America/New_York,FL,0,0,0|0|0|0,
26.25,-81.25,America/New_York,FL,0,0,0|0|0|0,
26.25,-81,America/New_York,FL,0,0,0|0|0|0,
26.25,-80.75,America/New_York,FL,0,0,0|0|0|0,
26.25,-80.5,America/New_York,FL,0,0,0|0|0|0,
26.25,-80.25,America/New_York,FL,0,0,0|0|0|0,slight chance · thunderstorms · none · none / slight chance · thunderstorms · none · none
26.5,-82,America/New_York,FL,0,0,0|0|0|0,
26.5,-81.75,America/New_York,FL,0,0,0|0|0|0,
26.5,-81.5,America/New_York,FL,0,0,0|0|0|0,
26.5,-81.25,America/New_York,FL,0,0,0|0|0|0,
26.5,-81,America/New_York,FL,0,0,0|0|0|0,
26.5,-80.75,America/New_York,FL,0,0,0|0|0|0,
26.5,-80.5,America/New_York,FL,0,0,0|0|0|0,
26.5,-80.25,America/New_York,FL,0,0,0|0|0|0,slight chance · thunderstorms · none · none / slight chance · thunderstorms · none · none
26.75,-82,America/New_York,FL,0,0,0|0|0|0,
26.75,-81.75,America/New_York,FL,0,0,0|0|0|0,
26.75,-81.5,America/New_York,FL,0,0,0|0|0|0,
26.75,-81.25,America/New_York,FL,0,0,0|0|0|0,
26.75,-81,America/New_York,FL,0,0,0|0|0|0,
26.75,-80.75,America/New_York,FL,0,0,0|0|0|0,
26.75,-80.5,America/New_York,FL,0,0,0|0|0|0,
26.75,-80.25,America/New_York,FL,0,0,0|0|0|0,slight chance · thunderstorms · none · none
27,-82.25,America/New_York,FL,0,0,0|0|0|1,
27,-82,America/New_York,FL,0,0,0|0|0|0,
27,-81.75,America/New_York,FL,0,0,0|0|0|0,
27,-81.5,America/New_York,FL,0,0,0|0|0|0,
27,-81.25,America/New_York,FL,0,0,0|0|0|0,
27,-81,America/New_York,FL,0,0,0|0|0|0,
27,-80.75,America/New_York,FL,0,0,0|0|0|0,
27,-80.5,America/New_York,FL,0,0,0|0|0|0,
27,-80.25,America/New_York,FL,0,0,0|0|0|0,
27.25,-82.5,America/New_York,FL,0,0,1|0|0|0,
27.25,-82.25,America/New_York,FL,0,0,0|0|0|0,
27.25,-82,America/New_York,FL,0,0,0|0|0|0,
27.25,-81.75,America/New_York,FL,0,0,0|0|0|0,
27.25,-81.5,America/New_York,FL,0,0,0|0|0|0,
27.25,-81.25,America/New_York,FL,0,0,0|0|0|0,
27.25,-81,America/New_York,FL,0,0,0|0|0|0,
27.25,-80.75,America/New_York,FL,0,0,0|0|0|0,
27.25,-80.5,America/New_York,FL,0,0,0|0|0|0,
27.25,-80.25,America/New_York,FL,0,0,0|0|0|0,
27.5,-82.5,America/New_York,FL,0,0.09,1|0|0|0,
27.5,-82.25,America/New_York,FL,0,0.13,1|0|0|0,
27.5,-82,America/New_York,FL,0,0.06,0|0|0|0,
27.5,-81.75,America/New_York,FL,0,0,0|0|0|0,
27.5,-81.5,America/New_York,FL,0,0.06,0|0|0|0,
27.5,-81.25,America/New_York,FL,0,0.13,1|0|0|1,
27.5,-81,America/New_York,FL,0,0.06,1|0|0|0,
27.5,-80.75,America/New_York,FL,0,0,0|0|0|0,
27.5,-80.5,America/New_York,FL,0,0,0|0|0|0,
27.75,-82.75,America/New_York,FL,0,0.38,1|0|0|0,
27.75,-82.25,America/New_York,FL,1,0.57,1|1|1|1,
27.75,-82,America/New_York,FL,0,0.38,1|0|0|1,
27.75,-81.75,America/New_York,FL,0,0.25,1|0|0|1,
27.75,-81.5,America/New_York,FL,0,0.38,1|1|0|0,
27.75,-81.25,America/New_York,FL,1,0.5,1|1|1|1,
27.75,-81,America/New_York,FL,0,0.31,1|0|0|0,
27.75,-80.75,America/New_York,FL,0,0.07,0|0|1|0,
27.75,-80.5,America/New_York,FL,0,0,0|0|0|0,
28,-82.75,America/New_York,FL,1,1.18,2|1|1|1,
28,-82.5,America/New_York,FL,1,1.07,2|2|1|1,
28,-82.25,America/New_York,FL,1,0.93,2|1|1|1,
28,-82,America/New_York,FL,1,0.88,1|1|1|1,
28,-81.75,America/New_York,FL,1,0.88,1|1|1|2,
28,-81.5,America/New_York,FL,1,0.88,2|1|1|2,
28,-81.25,America/New_York,FL,1,0.88,1|1|1|1,
28,-81,America/New_York,FL,1,0.63,1|1|1|0,
28,-80.75,America/New_York,FL,0,0.23,0|0|0|0,
28.25,-82.75,America/New_York,FL,3,1.8,3|3|2|3,
28.25,-82.5,America/New_York,FL,1,1.27,3|1|1|1,
28.25,-82.25,America/New_York,FL,1,1.06,2|1|1|2,
28.25,-82,America/New_York,FL,1,1.31,1|1|2|2,
28.25,-81.75,America/New_York,FL,2,1.5,1|2|2|2,
28.25,-81.5,America/New_York,FL,1,1.31,2|1|1|2,
28.25,-81.25,America/New_York,FL,1,1.06,1|1|1|1,
28.25,-81,America/New_York,FL,1,0.81,1|1|1|1,
28.25,-80.75,America/New_York,FL,0,0.5,0|0|1|0,
28.5,-82.5,America/New_York,FL,1,1.15,3|3|1|1,
28.5,-82.25,America/New_York,FL,1,1.19,3|2|1|1,
28.5,-82,America/New_York,FL,2,1.69,2|1|2|2,
28.5,-81.75,America/New_York,FL,2,2,2|2|2|2,
28.5,-81.5,America/New_York,FL,2,1.75,2|2|2|2,
28.5,-81.25,America/New_York,FL,1,1.31,1|1|2|2,
28.5,-81,America/New_York,FL,1,1,1|1|1|1,
28.5,-80.75,America/New_York,FL,1,0.83,1|1|1|1,
28.75,-82.5,America/New_York,FL,1,1.15,3|3|1|1,
28.75,-82.25,America/New_York,FL,1,1.19,3|3|1|1,
28.75,-82,America/New_York,FL,2,1.69,3|2|1|2,
28.75,-81.75,America/New_York,FL,3,2.06,3|3|3|3,
28.75,-81.5,America/New_York,FL,2,2,2|2|2|2,
28.75,-81.25,America/New_York,FL,2,1.69,2|2|2|1,
28.75,-81,America/New_York,FL,1,1.33,1|1|1|1,
28.75,-80.75,America/New_York,FL,1,1.1,1|1|2|1,
29,-82.75,America/New_York,FL,3,1.91,4|4|3|3,
29,-82.5,America/New_York,FL,1,1.53,4|3|1|1,
29,-82.25,America/New_York,FL,1,1.19,3|1|1|1,
29,-82,America/New_York,FL,1,1.25,3|1|1|1,
29,-81.75,America/New_York,FL,1,1.5,1|1|1|1,
29,-81.5,America/New_York,FL,2,1.69,3|2|2|2,
29,-81.25,America/New_York,FL,2,1.73,2|2|2|2,
29,-81,America/New_York,FL,2,1.64,2|1|3|2,
29.25,-91.25,America/Chicago,LA,0,0,0|0|0|0,
29.25,-91,America/Chicago,LA,0,0,0|0|0|0,
29.25,-90.75,America/Chicago,LA,0,0,0|0|0|0,
29.25,-90.25,America/Chicago,LA,0,0,0|1|1|0,
29.25,-90,America/Chicago,LA,0,0,0|0|0|0,
29.25,-89.5,America/Chicago,LA,0,0.29,0|0|0|0,
29.25,-89.25,America/Chicago,LA,1,0.67,1|1|1|0,
29.25,-83,America/New_York,FL,1,2.09,4|3|1|1,
29.25,-82.75,America/New_York,FL,1,2.13,4|3|1|1,
29.25,-82.5,America/New_York,FL,3,2.13,4|4|3|3,
29.25,-82.25,America/New_York,FL,1,1.63,4|3|1|1,
29.25,-82,America/New_York,FL,1,1.13,3|1|1|1,
29.25,-81.75,America/New_York,FL,1,1.19,3|1|1|1,
29.25,-81.5,America/New_York,FL,1,1.56,3|3|1|1,
29.25,-81.25,America/New_York,FL,1,1.77,2|2|1|1,
29.5,-91.25,America/Chicago,LA,0,0,0|0|0|0,
29.5,-91,America/Chicago,LA,0,0,0|0|0|0,
29.5,-90.75,America/Chicago,LA,0,0,0|0|0|0,
29.5,-90.5,America/Chicago,LA,0,0,0|0|0|0,
29.5,-90.25,America/Chicago,LA,0,0,0|0|0|0,
29.5,-90,America/Chicago,LA,0,0,0|0|0|0,
29.5,-89.75,America/Chicago,LA,0,0,0|0|0|0,
29.5,-83.25,America/New_York,FL,3,3.36,4|4|3|3,
29.5,-83,America/New_York,FL,4,3.07,4|4|4|4,
29.5,-82.75,America/New_York,FL,3,2.81,4|4|3|3,
29.5,-82.5,America/New_York,FL,3,2.63,4|3|3|1,
29.5,-82.25,America/New_York,FL,3,2.13,4|4|3|1,
29.5,-82,America/New_York,FL,1,1.5,4|3|1|1,
29.5,-81.75,America/New_York,FL,1,1.5,3|3|1|1,
29.5,-81.5,America/New_York,FL,3,2.13,3|3|1|3,
29.5,-81.25,America/New_York,FL,3,2.5,3|3|1|3,
29.75,-91.5,America/Chicago,LA,0,0,0|0|0|0,
29.75,-91.25,America/Chicago,LA,0,0,0|0|0|0,
29.75,-91,America/Chicago,LA,0,0,0|0|0|0,
29.75,-90.75,America/Chicago,LA,0,0,0|0|0|0,
29.75,-90.5,America/Chicago,LA,0,0,0|0|0|0,
29.75,-90.25,America/Chicago,LA,0,0,0|0|0|0,
29.75,-90,America/Chicago,LA,0,0,0|0|0|0,
29.75,-89.75,America/Chicago,LA,0,0,0|0|0|0,
29.75,-89.5,America/Chicago,LA,0,0,0|0|0|0,
29.75,-85.25,America/New_York,FL,3,3,4|3|3|3,
29.75,-85,America/New_York,FL,3,3,4|4|3|3,
29.75,-83.5,America/New_York,FL,4,3.91,4|4|4|4,
29.75,-83.25,America/New_York,FL,4,3.87,4|4|4|4,
29.75,-83,America/New_York,FL,4,3.56,4|4|4|4,
29.75,-82.75,America/New_York,FL,3,2.88,4|4|3|1,
29.75,-82.5,America/New_York,FL,3,2.25,4|3|3|1,
29.75,-82.25,America/New_York,FL,1,2,4|4|1|1,
29.75,-82,America/New_York,FL,3,2,4|3|3|1,
29.75,-81.75,America/New_York,FL,1,2.13,4|3|1|1,
29.75,-81.5,America/New_York,FL,3,2.6,3|3|1|3,
29.75,-81.25,America/New_York,FL,3,3,3|3|3|3,
30,-91.5,America/Chicago,LA,0,0,0|0|0|0,
30,-91.25,America/Chicago,LA,0,0,0|0|0|0,
30,-91,America/Chicago,LA,0,0,0|0|0|0,
30,-90.75,America/Chicago,LA,0,0,0|0|0|0,
30,-90.5,America/Chicago,LA,0,0,0|0|0|0,
30,-90.25,America/Chicago,LA,0,0,0|0|0|0,
30,-90,America/Chicago,LA,0,0,0|0|0|0,
30,-89.5,America/Chicago,LA,0,0,0|0|0|0,
30,-89.25,America/Chicago,LA,0,0,0|0|0|0,
30,-85.5,America/Chicago,FL,3,2.82,3|3|3|1,
30,-85.25,America/Chicago,FL,3,2.93,4|3|3|2,
30,-85,America/New_York,FL,3,3,4|4|3|1,
30,-84.75,America/New_York,FL,3,3.15,4|4|3|1,
30,-84.5,America/New_York,FL,4,3.4,4|4|4|3,
30,-83.75,America/New_York,FL,4,3.91,4|4|4|4,
30,-83.5,America/New_York,FL,4,3.93,4|4|4|4,
30,-83.25,America/New_York,FL,4,3.81,4|4|4|4,
30,-83,America/New_York,FL,4,3.31,4|4|4|4,
30,-82.75,America/New_York,FL,1,2.44,4|3|1|1,
30,-82.5,America/New_York,FL,1,1.75,4|4|1|1,
30,-82.25,America/New_York,FL,1,1.75,4|3|1|1,
30,-82,America/New_York,FL,3,2.38,4|4|3|3,
30,-81.75,America/New_York,FL,3,2.75,4|3|3|1,
30,-81.5,America/New_York,FL,3,2.85,4|3|1|3,
30.25,-91.5,America/Chicago,LA,0,0,0|0|0|0,
30.25,-91.25,America/Chicago,LA,0,0,0|0|0|0,
30.25,-91,America/Chicago,LA,0,0,0|0|0|0,
30.25,-90.75,America/Chicago,LA,0,0,0|0|0|0,
30.25,-90.5,America/Chicago,LA,0,0,0|0|0|0,
30.25,-90.25,America/Chicago,LA,0,0,0|0|0|0,
30.25,-90,America/Chicago,LA,0,0.07,0|0|0|0,
30.25,-89.75,America/Chicago,LA,0,0.21,0|0|0|0,
30.25,-89.5,America/Chicago,MS,0,0.38,0|0|0|0,
30.25,-88.75,America/Chicago,MS,0,0.63,1|0|0|0,
30.25,-87.75,America/Chicago,AL,1,1,1|1|1|1,
30.25,-85.75,America/Chicago,FL,3,2.64,4|3|3|1,
30.25,-85.5,America/Chicago,FL,2,2.67,3|1|2|2,
30.25,-85.25,America/Chicago,FL,3,2.75,4|3|3|2,
30.25,-85,America/New_York,FL,3,2.75,4|4|3|3,
30.25,-84.75,America/New_York,FL,3,2.94,4|3|3|1,
30.25,-84.5,America/New_York,FL,3,3.2,4|3|3|3,
30.25,-84.25,America/New_York,FL,3,3.31,4|3|3|3,
30.25,-84,America/New_York,FL,3,3.54,4|4|3|3,
30.25,-83.75,America/New_York,FL,4,3.87,4|4|4|4,
30.25,-83.5,America/New_York,FL,4,3.88,4|4|4|4,
30.25,-83.25,America/New_York,FL,3,3.44,4|4|3|1,
30.25,-83,America/New_York,FL,3,2.88,4|4|3|3,
30.25,-82.75,America/New_York,FL,3,2.56,4|4|3|1,
30.25,-82.5,America/New_York,FL,3,2.25,4|4|3|1,
30.25,-82.25,America/New_York,FL,1,2.13,4|3|1|1,
30.25,-82,America/New_York,FL,3,2.63,4|4|3|3,
30.25,-81.75,America/New_York,FL,3,3.06,4|4|3|3,
30.25,-81.5,America/New_York,FL,3,3.17,4|4|3|3,
30.5,-91.5,America/Chicago,LA,0,0,0|0|0|0,
30.5,-91.25,America/Chicago,LA,0,0,0|0|0|0,
30.5,-91,America/Chicago,LA,0,0,0|0|0|0,
30.5,-90.75,America/Chicago,LA,0,0,0|0|0|0,
30.5,-90.5,America/Chicago,LA,0,0,0|0|0|0,
30.5,-90.25,America/Chicago,LA,0,0,0|0|0|0,
30.5,-90,America/Chicago,LA,0,0.13,0|0|0|0,
30.5,-89.75,America/Chicago,LA,1,0.44,0|1|1|1,
30.5,-89.5,America/Chicago,MS,1,0.87,1|1|1|1,
30.5,-89.25,America/Chicago,MS,2,1.46,2|2|2|1,
30.5,-89,America/Chicago,MS,2,1.54,2|2|2|1,
30.5,-88.75,America/Chicago,MS,1,1.07,1|1|2|1,
30.5,-88.5,America/Chicago,MS,1,0.92,1|1|1|1,
30.5,-88.25,America/Chicago,AL,1,1,1|1|1|1,
30.5,-87.75,America/Chicago,AL,1,1,1|1|1|1,
30.5,-87.5,America/Chicago,AL,1,1.15,1|1|2|2,
30.5,-87.25,America/Chicago,FL,2,1.42,2|2|2|2,
30.5,-87,America/Chicago,FL,1,1.58,2|1|2|1,
30.5,-86.75,America/Chicago,FL,2,1.92,2|2|2|2,
30.5,-86.5,America/Chicago,FL,2,2.25,3|2|2|2,
30.5,-86.25,America/Chicago,FL,2,2.5,3|2|2|2,
30.5,-86,America/Chicago,FL,3,2.69,3|3|3|2,
30.5,-85.75,America/Chicago,FL,2,2.67,3|3|2|2,
30.5,-85.5,America/Chicago,FL,3,2.75,4|3|3|2,
30.5,-85.25,America/Chicago,FL,3,2.69,4|3|3|1,
30.5,-85,America/Chicago,FL,1,2.5,3|3|1|1,
30.5,-84.75,America/New_York,FL,3,2.81,4|4|3|3,
30.5,-84.5,America/New_York,FL,3,3.25,4|3|3|3,
30.5,-84.25,America/New_York,FL,4,3.5,4|4|4|4,
30.5,-84,America/New_York,FL,4,3.75,4|4|4|4,
30.5,-83.75,America/New_York,FL,4,3.94,4|4|4|4,
30.5,-83.5,America/New_York,FL,4,3.94,4|4|4|4,
30.5,-83.25,America/New_York,FL,4,3.38,4|4|4|4,
30.5,-83,America/New_York,FL,1,2.69,4|3|1|1,
30.5,-82.75,America/New_York,FL,3,2.75,4|4|3|1,
30.5,-82.5,America/New_York,FL,3,2.75,4|4|3|1,
30.5,-82.25,America/New_York,FL,3,2.5,4|4|3|1,
30.5,-82,America/New_York,FL,3,2.75,4|4|3|1,
30.5,-81.75,America/New_York,FL,3,3.19,4|4|3|3,
30.5,-81.5,America/New_York,FL,4,3.5,4|4|4|4,
30.75,-91.5,America/Chicago,LA,0,0,0|0|0|0,
30.75,-91.25,America/Chicago,LA,0,0.06,0|0|0|0,
30.75,-91,America/Chicago,LA,0,0.19,0|0|1|1,
30.75,-90.75,America/Chicago,LA,0,0.25,0|0|1|1,
30.75,-90.5,America/Chicago,LA,0,0.25,0|0|1|1,
30.75,-90.25,America/Chicago,LA,0,0.25,0|0|0|1,
30.75,-90,America/Chicago,LA,0,0.31,0|0|1|1,
30.75,-89.75,America/Chicago,MS,0,0.56,0|0|0|1,
30.75,-89.5,America/Chicago,MS,1,1,1|1|1|1,
30.75,-89.25,America/Chicago,MS,1,1.44,1|2|2|1,
30.75,-89,America/Chicago,MS,2,1.5,2|2|2|1,
30.75,-88.75,America/Chicago,MS,1,1.19,1|1|1|1,
30.75,-88.5,America/Chicago,MS,1,1,1|1|1|1,
30.75,-88.25,America/Chicago,AL,1,1,1|1|1|2,
30.75,-88,America/Chicago,AL,1,1,1|1|2|1,
30.75,-87.75,America/Chicago,AL,1,1,1|1|1|1,
30.75,-87.5,America/Chicago,FL,1,1.06,1|1|1|1,
30.75,-87.25,America/Chicago,FL,1,1.31,1|1|1|2,
30.75,-87,America/Chicago,FL,2,1.69,2|2|2|2,
30.75,-86.75,America/Chicago,FL,2,2.13,3|2|2|2,
30.75,-86.5,America/Chicago,FL,3,2.5,3|3|3|2,
30.75,-86.25,America/Chicago,FL,3,2.63,3|3|3|2,
30.75,-86,America/Chicago,FL,3,2.69,3|3|3|2,
30.75,-85.75,America/Chicago,FL,3,2.81,3|3|3|2,
30.75,-85.5,America/Chicago,FL,3,2.94,4|3|3|2,
30.75,-85.25,America/Chicago,FL,3,2.88,4|3|3|1,
30.75,-85,America/Chicago,FL,3,2.81,4|3|3|1,
30.75,-84.75,America/New_York,GA,3,3.19,4|4|3|3,
30.75,-84.5,America/New_York,GA,4,3.56,4|4|4|3,
30.75,-84.25,America/New_York,GA,3,3.69,4|4|3|3,
30.75,-84,America/New_York,GA,4,3.88,4|4|4|3,
30.75,-83.75,America/New_York,GA,4,4,4|4|4|4,
30.75,-83.5,America/New_York,GA,4,4,4|4|4|3,
30.75,-83.25,America/New_York,GA,4,3.69,4|4|4|4,
30.75,-83,America/New_York,GA,3,3.19,4|4|3|1,
30.75,-82.75,America/New_York,GA,3,3.06,4|4|3|1,
30.75,-82.5,America/New_York,GA,3,2.81,4|4|3|1,
30.75,-82.25,America/New_York,GA,1,2.56,4|4|1|1,
30.75,-82,America/New_York,FL,3,2.88,4|4|3|1,
30.75,-81.75,America/New_York,FL,3,3.31,4|4|3|3,
30.75,-81.5,America/New_York,GA,4,3.67,4|4|4|4,
31,-91.5,America/Chicago,MS,0,0,0|0|0|0,
31,-91.25,America/Chicago,MS,0,0.19,0|0|0|0,
31,-91,America/Chicago,MS,1,0.56,1|1|1|1,
31,-90.75,America/Chicago,MS,1,0.75,0|1|1|1,
31,-90.5,America/Chicago,MS,1,0.75,1|1|1|1,
31,-90.25,America/Chicago,LA,1,0.75,1|1|2|1,
31,-90,America/Chicago,LA,1,0.75,1|1|2|2,
31,-89.75,America/Chicago,MS,1,0.88,1|1|1|0,
31,-89.5,America/Chicago,MS,1,1.25,2|2|1|1,
31,-89.25,America/Chicago,MS,2,1.5,2|2|2|2,
31,-89,America/Chicago,MS,1,1.31,1|1|2|1,
31,-88.75,America/Chicago,MS,1,1.06,1|1|1|1,
31,-88.5,America/Chicago,MS,1,1,1|1|2|2,
31,-88.25,America/Chicago,AL,1,1,1|1|1|1,
31,-88,America/Chicago,AL,1,1,1|1|1|1,
31,-87.75,America/Chicago,AL,1,1,1|1|1|1,
31,-87.5,America/Chicago,AL,1,1.06,1|1|1|1,
31,-87.25,America/Chicago,AL,1,1.38,1|1|2|2,
31,-87,America/Chicago,AL,2,1.81,2|2|2|2,
31,-86.75,America/Chicago,AL,2,2.19,2|2|3|2,
31,-86.5,America/Chicago,AL,3,2.5,3|3|3|2,
31,-86.25,America/Chicago,AL,2,2.56,3|2|3|2,
31,-86,America/Chicago,AL,2,2.56,3|2|2|2,
31,-85.75,America/Chicago,AL,3,2.75,3|3|3|2,
31,-85.5,America/Chicago,AL,3,2.94,4|3|3|2,
31,-85.25,America/Chicago,FL,3,3,4|3|3|1,
31,-85,America/New_York,GA,3,3.13,4|4|3|1,
31,-84.75,America/New_York,GA,4,3.44,4|4|4|3,
31,-84.5,America/New_York,GA,4,3.69,4|4|4|3,
31,-84.25,America/New_York,GA,4,3.81,4|4|4|4,
31,-84,America/New_York,GA,4,3.94,4|4|4|4,
31,-83.75,America/New_York,GA,4,4,4|4|4|4,
31,-83.5,America/New_York,GA,4,4,4|4|4|4,
31,-83.25,America/New_York,GA,4,3.88,4|4|4|4,
31,-83,America/New_York,GA,4,3.63,4|4|4|3,
31,-82.75,America/New_York,GA,4,3.44,4|4|4|3,
31,-82.5,America/New_York,GA,3,3.13,4|4|3|1,
31,-82.25,America/New_York,GA,3,2.94,4|4|3|1,
31,-82,America/New_York,GA,4,3.13,4|4|4|1,
31,-81.75,America/New_York,GA,3,3.31,4|4|3|1,
31,-81.5,America/New_York,GA,4,3.5,4|4|4|3,
31.25,-91.5,America/Chicago,MS,0,0,0|0|0|0,
31.25,-91.25,America/Chicago,MS,0,0.19,0|1|1|0,
31.25,-91,America/Chicago,MS,1,0.56,1|1|1|1,
31.25,-90.75,America/Chicago,MS,1,0.75,0|1|1|1,
31.25,-90.5,America/Chicago,MS,1,0.81,0|1|1|1,
31.25,-90.25,America/Chicago,MS,1,0.94,1|1|1|1,
31.25,-90,America/Chicago,MS,1,1,1|2|1|2,
31.25,-89.75,America/Chicago,MS,1,1.19,2|1|1|1,
31.25,-89.5,America/Chicago,MS,2,1.56,2|2|2|2,
31.25,-89.25,America/Chicago,MS,2,1.56,1|2|2|2,
31.25,-89,America/Chicago,MS,1,1.19,1|1|2|1,
31.25,-88.75,America/Chicago,MS,1,1,1|2|2|1,
31.25,-88.5,America/Chicago,MS,1,1,1|1|1|1,
31.25,-88.25,America/Chicago,AL,1,1,1|1|1|1,
31.25,-88,America/Chicago,AL,1,1,1|1|1|1,
31.25,-87.75,America/Chicago,AL,1,1.06,1|1|1|1,
31.25,-87.5,America/Chicago,AL,1,1.31,1|1|2|1,
31.25,-87.25,America/Chicago,AL,2,1.69,2|2|2|2,
31.25,-87,America/Chicago,AL,2,1.94,2|2|2|2,
31.25,-86.75,America/Chicago,AL,2,2.06,2|2|2|2,
31.25,-86.5,America/Chicago,AL,2,2.25,2|2|3|2,
31.25,-86.25,America/Chicago,AL,3,2.44,3|3|3|2,
31.25,-86,America/Chicago,AL,3,2.44,3|3|3|2,
31.25,-85.75,America/Chicago,AL,2,2.44,3|2|2|2,
31.25,-85.5,America/Chicago,AL,3,2.69,4|3|3|2,
31.25,-85.25,America/Chicago,AL,3,3,4|3|3|1,
31.25,-85,America/New_York,GA,3,3.25,4|4|3|3,
31.25,-84.75,America/New_York,GA,3,3.44,4|4|3|3,
31.25,-84.5,America/New_York,GA,3,3.63,4|4|3|3,
31.25,-84.25,America/New_York,GA,4,3.88,4|4|4|3,
31.25,-84,America/New_York,GA,4,4,4|4|4|3,
31.25,-83.75,America/New_York,GA,4,4,4|4|4|4,
31.25,-83.5,America/New_York,GA,4,4,4|4|4|3,
31.25,-83.25,America/New_York,GA,4,3.88,4|4|4|4,
31.25,-83,America/New_York,GA,3,3.56,4|4|3|1,
31.25,-82.75,America/New_York,GA,3,3.44,4|4|3|1,
31.25,-82.5,America/New_York,GA,4,3.5,4|4|4|3,
31.25,-82.25,America/New_York,GA,3,3.44,4|4|3|3,
31.25,-82,America/New_York,GA,3,3.31,4|4|3|3,
31.25,-81.75,America/New_York,GA,3,3.25,4|4|3|1,
31.25,-81.5,America/New_York,GA,3,3.38,4|4|3|3,
31.5,-91.5,America/Chicago,MS,0,0,0|0|0|1,
31.5,-91.25,America/Chicago,MS,0,0.06,0|0|1|1,
31.5,-91,America/Chicago,MS,0,0.19,0|0|1|1,
31.5,-90.75,America/Chicago,MS,0,0.25,0|0|1|1,
31.5,-90.5,America/Chicago,MS,0,0.44,0|0|0|0,
31.5,-90.25,America/Chicago,MS,1,0.81,0|1|1|1,
31.5,-90,America/Chicago,MS,1,1.06,1|1|1|1,
31.5,-89.75,America/Chicago,MS,1,1.38,1|1|2|2,
31.5,-89.5,America/Chicago,MS,2,1.63,1|2|2|2,
31.5,-89.25,America/Chicago,MS,1,1.38,1|1|1|2,
31.5,-89,America/Chicago,MS,1,1.06,1|1|2|2,
31.5,-88.75,America/Chicago,MS,1,1,1|1|1|1,
31.5,-88.5,America/Chicago,MS,1,1,1|1|1|1,
31.5,-88.25,America/Chicago,AL,1,1,1|1|1|1,
31.5,-88,America/Chicago,AL,1,1.06,1|1|2|2,
31.5,-87.75,America/Chicago,AL,1,1.25,1|1|2|2,
31.5,-87.5,America/Chicago,AL,2,1.56,1|2|2|2,
31.5,-87.25,America/Chicago,AL,2,1.88,2|2|2|2,
31.5,-87,America/Chicago,AL,2,2,2|2|2|2,
31.5,-86.75,America/Chicago,AL,2,2,3|2|2|2,
31.5,-86.5,America/Chicago,AL,2,2.06,2|2|2|2,
31.5,-86.25,America/Chicago,AL,2,2.19,3|2|3|2,
31.5,-86,America/Chicago,AL,2,2.25,2|2|3|2,
31.5,-85.75,America/Chicago,AL,2,2.31,3|2|2|2,
31.5,-85.5,America/Chicago,AL,2,2.56,3|2|2|2,
31.5,-85.25,America/Chicago,AL,3,3,4|4|3|2,
31.5,-85,America/New_York,GA,4,3.44,4|4|4|4,
31.5,-84.75,America/New_York,GA,4,3.69,4|4|4|4,
31.5,-84.5,America/New_York,GA,4,3.81,4|4|4|3,
31.5,-84.25,America/New_York,GA,4,3.88,4|4|4|3,
31.5,-84,America/New_York,GA,4,3.88,4|4|4|4,
31.5,-83.75,America/New_York,GA,4,3.94,4|4|4|4,
31.5,-83.5,America/New_York,GA,4,4,4|4|4|4,
31.5,-83.25,America/New_York,GA,4,3.94,4|4|4|4,
31.5,-83,America/New_York,GA,4,3.69,4|4|4|3,
31.5,-82.75,America/New_York,GA,3,3.56,4|4|3|1,
31.5,-82.5,America/New_York,GA,4,3.75,4|4|4|3,
31.5,-82.25,America/New_York,GA,4,3.75,4|4|4|3,
31.5,-82,America/New_York,GA,4,3.5,4|4|4|3,
31.5,-81.75,America/New_York,GA,3,3.44,4|4|3|3,
31.5,-81.5,America/New_York,GA,4,3.67,4|4|4|4,
31.5,-81.25,America/New_York,GA,4,3.9,4|4|4|4,
31.75,-91.5,America/Chicago,LA,0,0,0|0|0|1,
31.75,-91.25,America/Chicago,MS,0,0,0|0|0|0,
31.75,-91,America/Chicago,MS,0,0,0|0|0|0,
31.75,-90.75,America/Chicago,MS,0,0,0|0|0|0,
31.75,-90.5,America/Chicago,MS,0,0.25,0|0|0|0,
31.75,-90.25,America/Chicago,MS,1,0.75,0|1|1|1,
31.75,-90,America/Chicago,MS,1,1.19,1|2|1|2,
31.75,-89.75,America/Chicago,MS,2,1.56,1|2|2|2,
31.75,-89.5,America/Chicago,MS,2,1.56,2|2|2|1,
31.75,-89.25,America/Chicago,MS,1,1.25,1|1|2|2,
31.75,-89,America/Chicago,MS,1,1.19,1|2|1|2,
31.75,-88.75,America/Chicago,MS,1,1.25,1|1|1|2,
31.75,-88.5,America/Chicago,MS,1,1.19,1|1|1|1,
31.75,-88.25,America/Chicago,AL,1,1.13,0|1|1|1,
31.75,-88,America/Chicago,AL,1,1.31,1|1|2|2,
31.75,-87.75,America/Chicago,AL,2,1.56,2|2|2|2,
31.75,-87.5,America/Chicago,AL,1,1.69,1|1|2|2,
31.75,-87.25,America/Chicago,AL,2,1.88,2|2|2|2,
31.75,-87,America/Chicago,AL,2,2.06,2|2|2|2,
31.75,-86.75,America/Chicago,AL,2,2.13,2|2|2|2,
31.75,-86.5,America/Chicago,AL,2,2.13,2|2|2|2,
31.75,-86.25,America/Chicago,AL,2,2.19,2|2|2|2,
31.75,-86,America/Chicago,AL,2,2.38,3|3|2|2,
31.75,-85.75,America/Chicago,AL,3,2.63,4|3|3|2,
31.75,-85.5,America/Chicago,AL,3,2.81,4|3|3|3,
31.75,-85.25,America/Chicago,AL,3,3.06,4|3|3|3,
31.75,-85,America/New_York,GA,3,3.5,4|4|3|3,
31.75,-84.75,America/New_York,GA,4,3.88,4|4|4|4,
31.75,-84.5,America/New_York,GA,4,4,4|4|4|4,
31.75,-84.25,America/New_York,GA,4,3.88,4|4|4|4,
31.75,-84,America/New_York,GA,3,3.75,4|4|3|3,
31.75,-83.75,America/New_York,GA,4,3.88,4|4|4|4,
31.75,-83.5,America/New_York,GA,4,4,4|4|4|4,
31.75,-83.25,America/New_York,GA,4,4,4|4|4|4,
31.75,-83,America/New_York,GA,4,3.94,4|4|4|3,
31.75,-82.75,America/New_York,GA,4,3.88,4|4|4|3,
31.75,-82.5,America/New_York,GA,4,3.94,4|4|4|3,
31.75,-82.25,America/New_York,GA,4,3.88,4|4|4|3,
31.75,-82,America/New_York,GA,3,3.69,4|4|3|3,
31.75,-81.75,America/New_York,GA,4,3.75,4|4|4|4,
31.75,-81.5,America/New_York,GA,4,3.94,4|4|4|4,
31.75,-81.25,America/New_York,GA,4,4,4|4|4|4,
32,-91.5,America/Chicago,LA,0,0,0|0|1|0,
32,-91.25,America/Chicago,LA,0,0,0|0|0|0,
32,-91,America/Chicago,MS,0,0,0|0|0|0,
32,-90.75,America/Chicago,MS,0,0,0|0|0|0,
32,-90.5,America/Chicago,MS,0,0.19,0|0|0|0,
32,-90.25,America/Chicago,MS,1,0.63,0|1|1|1,
32,-90,America/Chicago,MS,1,1.13,1|2|1|2,
32,-89.75,America/Chicago,MS,2,1.44,1|2|2|2,
32,-89.5,America/Chicago,MS,1,1.38,1|1|2|2,
32,-89.25,America/Chicago,MS,1,1.38,1|1|1|2,
32,-89,America/Chicago,MS,2,1.56,2|2|2|2,
32,-88.75,America/Chicago,MS,2,1.63,1|2|2|2,
32,-88.5,America/Chicago,MS,2,1.56,1|2|2|2,
32,-88.25,America/Chicago,AL,1,1.44,1|1|2|2,
32,-88,America/Chicago,AL,2,1.56,2|2|2|2,
32,-87.75,America/Chicago,AL,2,1.81,2|2|2|2,
32,-87.5,America/Chicago,AL,2,1.88,2|2|2|2,
32,-87.25,America/Chicago,AL,2,1.94,2|2|2|2,
32,-87,America/Chicago,AL,2,2.13,2|2|2|2,
32,-86.75,America/Chicago,AL,3,2.25,3|3|3|2,
32,-86.5,America/Chicago,AL,2,2.31,3|2|2|2,
32,-86.25,America/Chicago,AL,3,2.56,3|3|2|3,
32,-86,America/Chicago,AL,3,2.81,4|3|3|2,
32,-85.75,America/Chicago,AL,3,3,4|3|3|4,
32,-85.5,America/Chicago,AL,3,3.13,4|3|2|4,
32,-85.25,America/Chicago,AL,3,3.19,4|3|3|3,
32,-85,America/New_York,GA,4,3.5,4|4|4|3,
32,-84.75,America/New_York,GA,4,3.88,4|4|4|4,
32,-84.5,America/New_York,GA,4,4,4|4|4|4,
32,-84.25,America/New_York,GA,4,3.94,4|4|4|4,
32,-84,America/New_York,GA,4,3.88,4|4|4|4,
32,-83.75,America/New_York,GA,4,3.94,4|4|4|4,
32,-83.5,America/New_York,GA,4,4,4|4|4|4,
32,-83.25,America/New_York,GA,4,4,4|4|4|4,
32,-83,America/New_York,GA,4,4,4|4|4|4,
32,-82.75,America/New_York,GA,4,4,4|4|4|3,
32,-82.5,America/New_York,GA,4,4,4|4|4|4,
32,-82.25,America/New_York,GA,4,3.94,4|4|4|4,
32,-82,America/New_York,GA,4,3.88,4|4|4|4,
32,-81.75,America/New_York,GA,4,3.94,4|4|4|4,
32,-81.5,America/New_York,GA,4,4,4|4|4|4,
32,-81.25,America/New_York,GA,4,4,4|4|4|4,
32,-81,America/New_York,GA,4,4,4|4|4|4,
32.25,-91.5,America/Chicago,LA,0,0,0|0|0|0,
32.25,-91.25,America/Chicago,LA,0,0,0|0|0|0,
32.25,-91,America/Chicago,LA,0,0,0|0|0|0,
32.25,-90.75,America/Chicago,MS,0,0,0|0|0|0,
32.25,-90.5,America/Chicago,MS,0,0.06,0|0|0|0,
32.25,-90.25,America/Chicago,MS,0,0.38,0|0|0|1,
32.25,-90,America/Chicago,MS,1,0.88,1|1|1|2,
32.25,-89.75,America/Chicago,MS,1,1.19,1|1|1|2,
32.25,-89.5,America/Chicago,MS,1,1.38,1|1|2|2,
32.25,-89.25,America/Chicago,MS,2,1.63,1|2|2|2,
32.25,-89,America/Chicago,MS,2,1.63,1|2|2|2,
32.25,-88.75,America/Chicago,MS,1,1.5,0|1|1|1,
32.25,-88.5,America/Chicago,MS,2,1.63,1|2|2|2,
32.25,-88.25,America/Chicago,AL,2,1.69,1|2|2|2,
32.25,-88,America/Chicago,AL,1,1.69,1|1|2|2,
32.25,-87.75,America/Chicago,AL,2,1.88,2|2|2|2,
32.25,-87.5,America/Chicago,AL,2,2,3|2|2|2,
32.25,-87.25,America/Chicago,AL,2,2.06,3|3|2|2,
32.25,-87,America/Chicago,AL,2,2.19,3|2|2|2,
32.25,-86.75,America/Chicago,AL,2,2.19,3|3|2|2,
32.25,-86.5,America/Chicago,AL,2,2.25,3|3|2|1,
32.25,-86.25,America/Chicago,AL,3,2.63,3|3|3|3,
32.25,-86,America/Chicago,AL,3,2.94,3|3|3|3,
32.25,-85.75,America/Chicago,AL,3,3.13,3|3|3|4,
32.25,-85.5,America/Chicago,AL,4,3.25,4|4|3|4,
32.25,-85.25,America/Chicago,AL,3,3.19,4|3|2|4,
32.25,-85,America/Chicago,AL,3,3.38,3|3|1|3,
32.25,-84.75,America/New_York,GA,4,3.81,4|4|4|4,
32.25,-84.5,America/New_York,GA,4,4,4|4|4|4,
32.25,-84.25,America/New_York,GA,4,4,4|4|4|4,
32.25,-84,America/New_York,GA,4,4,4|4|4|4,
32.25,-83.75,America/New_York,GA,4,4,4|4|4|4,
32.25,-83.5,America/New_York,GA,4,4,4|4|4|4,
32.25,-83.25,America/New_York,GA,4,4,4|4|4|4,
32.25,-83,America/New_York,GA,4,4,4|4|4|4,
32.25,-82.75,America/New_York,GA,4,4,4|4|4|3,
32.25,-82.5,America/New_York,GA,4,4,4|4|4|4,
32.25,-82.25,America/New_York,GA,4,4,4|4|4|4,
32.25,-82,America/New_York,GA,4,4,4|4|4|4,
32.25,-81.75,America/New_York,GA,4,4,4|4|4|4,
32.25,-81.5,America/New_York,GA,4,4,4|4|4|4,
32.25,-81.25,America/New_York,GA,4,4,4|4|4|4,
32.25,-81,America/New_York,SC,4,4,4|4|4|4,
32.25,-80.75,America/New_York,SC,4,4,4|4|4|4,
32.5,-91.5,America/Chicago,LA,0,0,0|0|0|0,
32.5,-91.25,America/Chicago,LA,0,0,0|0|0|0,
32.5,-91,America/Chicago,LA,0,0,0|0|0|0,
32.5,-90.75,America/Chicago,MS,0,0,0|0|0|0,
32.5,-90.5,America/Chicago,MS,0,0,0|0|0|0,
32.5,-90.25,America/Chicago,MS,0,0.19,0|0|0|0,
32.5,-90,America/Chicago,MS,1,0.63,0|1|1|1,
32.5,-89.75,America/Chicago,MS,1,1.06,1|1|1|2,
32.5,-89.5,America/Chicago,MS,2,1.5,2|2|1|2,
32.5,-89.25,America/Chicago,MS,2,1.75,2|2|2|2,
32.5,-89,America/Chicago,MS,1,1.5,1|1|1|2,
32.5,-88.75,America/Chicago,MS,1,1.25,1|2|1|2,
32.5,-88.5,America/Chicago,MS,1,1.5,1|1|1|1,
32.5,-88.25,America/Chicago,AL,2,1.81,2|2|2|2,
32.5,-88,America/Chicago,AL,2,1.88,1|2|2|2,
32.5,-87.75,America/Chicago,AL,2,1.94,2|2|2|2,
32.5,-87.5,America/Chicago,AL,2,2,3|3|2|2,
32.5,-87.25,America/Chicago,AL,2,2.13,3|2|2|2,
32.5,-87,America/Chicago,AL,3,2.25,3|3|3|2,
32.5,-86.75,America/Chicago,AL,2,2.13,3|3|2|1,
32.5,-86.5,America/Chicago,AL,2,2.06,3|3|2|1,
32.5,-86.25,America/Chicago,AL,2,2.38,3|3|2|1,
32.5,-86,America/Chicago,AL,3,2.88,3|3|3|3,
32.5,-85.75,America/Chicago,AL,3,3.25,4|3|3|1,
32.5,-85.5,America/Chicago,AL,3,3.38,4|3|2|4,
32.5,-85.25,America/Chicago,AL,3,3.31,4|3|3|4,
32.5,-85,America/Chicago,GA,3,3.44,4|3|3|4,
32.5,-84.75,America/New_York,GA,4,3.81,4|4|3|4,
32.5,-84.5,America/New_York,GA,4,4,4|4|4|4,
32.5,-84.25,America/New_York,GA,4,4,4|4|4|4,
32.5,-84,America/New_York,GA,4,4,4|4|4|4,
32.5,-83.75,America/New_York,GA,4,4,4|4|4|4,
32.5,-83.5,America/New_York,GA,4,4,4|4|4|4,
32.5,-83.25,America/New_York,GA,4,4,4|4|4|4,
32.5,-83,America/New_York,GA,4,4,4|4|4|4,
32.5,-82.75,America/New_York,GA,4,4,4|4|4|3,
32.5,-82.5,America/New_York,GA,4,4,4|4|4|4,
32.5,-82.25,America/New_York,GA,4,4,4|4|4|4,
32.5,-82,America/New_York,GA,4,4,4|4|4|4,
32.5,-81.75,America/New_York,GA,4,4,4|4|4|4,
32.5,-81.5,America/New_York,GA,4,4,4|4|4|4,
32.5,-81.25,America/New_York,GA,4,4,4|4|4|4,
32.5,-81,America/New_York,SC,4,4,4|4|4|4,
32.5,-80.75,America/New_York,SC,4,4,4|4|4|4,
32.5,-80.5,America/New_York,SC,4,4,4|4|4|4,
32.75,-91.5,America/Chicago,LA,0,0.17,0|0|0|1,
32.75,-91.25,America/Chicago,LA,0,0.06,0|0|0|0,
32.75,-91,America/Chicago,MS,0,0,0|0|0|0,
32.75,-90.75,America/Chicago,MS,0,0,0|0|0|0,
32.75,-90.5,America/Chicago,MS,0,0,0|0|0|0,
32.75,-90.25,America/Chicago,MS,0,0.13,0|0|0|0,
32.75,-90,America/Chicago,MS,0,0.5,0|0|1|1,
32.75,-89.75,America/Chicago,MS,1,0.94,1|1|2|1,
32.75,-89.5,America/Chicago,MS,1,1.31,1|1|1|2,
32.75,-89.25,America/Chicago,MS,2,1.63,1|2|2|2,
32.75,-89,America/Chicago,MS,2,1.63,2|2|2|2,
32.75,-88.75,America/Chicago,MS,1,1.5,1|1|1|2,
32.75,-88.5,America/Chicago,MS,2,1.69,1|2|2|2,
32.75,-88.25,America/Chicago,AL,2,1.94,2|2|2|2,
32.75,-88,America/Chicago,AL,2,2,2|2|2|2,
32.75,-87.75,America/Chicago,AL,2,2,2|2|2|2,
32.75,-87.5,America/Chicago,AL,2,2,2|2|2|2,
32.75,-87.25,America/Chicago,AL,2,2.06,2|2|2|2,
32.75,-87,America/Chicago,AL,2,2.19,3|3|2|2,
32.75,-86.75,America/Chicago,AL,2,2.25,3|3|2|1,
32.75,-86.5,America/Chicago,AL,2,2.25,3|3|2|1,
32.75,-86.25,America/Chicago,AL,2,2.44,3|3|2|1,
32.75,-86,America/Chicago,AL,3,3,3|3|3|3,
32.75,-85.75,America/Chicago,AL,4,3.56,4|4|3|4,
32.75,-85.5,America/Chicago,AL,4,3.75,4|4|4|4,
32.75,-85.25,America/Chicago,AL,4,3.75,4|4|4|4,
32.75,-85,America/New_York,GA,4,3.81,4|4|4|4,
32.75,-84.75,America/New_York,GA,4,3.94,4|4|4|4,
32.75,-84.5,America/New_York,GA,4,4,4|4|4|4,
32.75,-84.25,America/New_York,GA,4,4,4|4|4|4,
32.75,-84,America/New_York,GA,4,3.94,4|4|4|4,
32.75,-83.75,America/New_York,GA,4,3.88,4|4|4|4,
32.75,-83.5,America/New_York,GA,4,3.94,4|4|4|4,
32.75,-83.25,America/New_York,GA,4,4,4|4|4|4,
32.75,-83,America/New_York,GA,4,4,4|4|4|4,
32.75,-82.75,America/New_York,GA,4,4,4|4|4|4,
32.75,-82.5,America/New_York,GA,4,4,4|4|4|4,
32.75,-82.25,America/New_York,GA,4,4,4|4|4|4,
32.75,-82,America/New_York,GA,4,4,4|4|4|4,
32.75,-81.75,America/New_York,GA,4,4,4|4|4|4,
32.75,-81.5,America/New_York,GA,4,4,4|4|4|4,
32.75,-81.25,America/New_York,SC,4,4,4|4|4|4,
32.75,-81,America/New_York,SC,4,4,4|4|4|4,
32.75,-80.75,America/New_York,SC,4,4,4|4|4|4,
32.75,-80.5,America/New_York,SC,4,4,4|4|4|4,
32.75,-80.25,America/New_York,SC,4,4,4|4|4|4,
32.75,-80,America/New_York,SC,4,4,4|4|4|4,
33,-91.5,America/Chicago,LA,1,0.42,1|1|1|1,
33,-91.25,America/Chicago,LA,0,0.31,0|0|1|0,
33,-91,America/Chicago,MS,0,0.19,0|1|1|0,
33,-90.75,America/Chicago,MS,0,0.13,0|0|1|1,
33,-90.5,America/Chicago,MS,0,0.19,0|0|0|1,
33,-90.25,America/Chicago,MS,0,0.44,0|0|1|1,
33,-90,America/Chicago,MS,1,0.81,1|1|1|2,
33,-89.75,America/Chicago,MS,1,1,1|1|2|2,
33,-89.5,America/Chicago,MS,1,1.06,1|1|2|2,
33,-89.25,America/Chicago,MS,1,1.31,1|1|2|2,
33,-89,America/Chicago,MS,2,1.56,1|2|2|2,
33,-88.75,America/Chicago,MS,2,1.63,1|2|2|2,
33,-88.5,America/Chicago,MS,2,1.75,2|2|2|2,
33,-88.25,America/Chicago,AL,2,1.94,2|2|2|2,
33,-88,America/Chicago,AL,2,2,2|2|2|2,
33,-87.75,America/Chicago,AL,2,2,2|2|2|2,
33,-87.5,America/Chicago,AL,2,2.06,2|2|2|2,
33,-87.25,America/Chicago,AL,2,2.19,2|2|2|2,
33,-87,America/Chicago,AL,2,2.38,2|2|2|2,
33,-86.75,America/Chicago,AL,3,2.56,3|3|2|3,
33,-86.5,America/Chicago,AL,3,2.63,3|3|3|2,
33,-86.25,America/Chicago,AL,3,2.81,4|4|3|3,
33,-86,America/Chicago,AL,3,3.31,4|3|3|3,
33,-85.75,America/Chicago,AL,4,3.81,4|4|4|4,
33,-85.5,America/Chicago,AL,4,4,4|4|4|4,
33,-85.25,America/Chicago,AL,4,4,4|4|4|4,
33,-85,America/New_York,GA,4,4,4|4|4|4,
33,-84.75,America/New_York,GA,4,4,4|4|4|4,
33,-84.5,America/New_York,GA,4,4,4|4|4|4,
33,-84.25,America/New_York,GA,4,4,4|4|4|4,
33,-84,America/New_York,GA,4,3.88,4|4|4|4,
33,-83.75,America/New_York,GA,3,3.69,4|4|3|3,
33,-83.5,America/New_York,GA,4,3.75,4|4|4|3,
33,-83.25,America/New_York,GA,4,3.94,4|4|4|3,
33,-83,America/New_York,GA,4,4,4|4|4|3,
33,-82.75,America/New_York,GA,4,4,4|4|4|4,
33,-82.5,America/New_York,GA,4,4,4|4|4|4,
33,-82.25,America/New_York,GA,4,4,4|4|4|4,
33,-82,America/New_York,GA,4,4,4|4|4|4,
33,-81.75,America/New_York,GA,4,4,4|4|4|4,
33,-81.5,America/New_York,GA,4,4,4|4|4|4,
33,-81.25,America/New_York,SC,4,4,4|4|4|4,
33,-81,America/New_York,SC,4,4,4|4|4|4,
33,-80.75,America/New_York,SC,4,4,4|4|4|4,
33,-80.5,America/New_York,SC,4,4,4|4|4|4,
33,-80.25,America/New_York,SC,4,4,4|4|4|4,
33,-80,America/New_York,SC,4,4,4|4|4|4,
33,-79.75,America/New_York,SC,4,4,4|4|4|4,
33.25,-91.5,America/Chicago,AR,0,0.58,0|0|1|1,
33.25,-91.25,America/Chicago,AR,1,0.69,1|1|1|1,
33.25,-91,America/Chicago,MS,1,0.63,1|1|1|1,
33.25,-90.75,America/Chicago,MS,0,0.5,0|0|1|1,
33.25,-90.5,America/Chicago,MS,1,0.63,0|1|1|1,
33.25,-90.25,America/Chicago,MS,1,1,0|1|1|1,
33.25,-90,America/Chicago,MS,2,1.38,1|2|2|2,
33.25,-89.75,America/Chicago,MS,1,1.31,1|1|1|2,
33.25,-89.5,America/Chicago,MS,1,1.06,1|1|1|1,
33.25,-89.25,America/Chicago,MS,1,1,1|1|1|1,
33.25,-89,America/Chicago,MS,1,1.06,1|1|1|2,
33.25,-88.75,America/Chicago,MS,1,1.19,1|1|1|2,
33.25,-88.5,America/Chicago,MS,1,1.44,1|1|2|2,
33.25,-88.25,America/Chicago,AL,2,1.81,2|2|2|2,
33.25,-88,America/Chicago,AL,2,2,2|2|2|2,
33.25,-87.75,America/Chicago,AL,2,2,2|2|2|2,
33.25,-87.5,America/Chicago,AL,2,2.19,2|2|2|2,
33.25,-87.25,America/Chicago,AL,3,2.56,3|3|2|3,
33.25,-87,America/Chicago,AL,3,2.81,3|3|2|3,
33.25,-86.75,America/Chicago,AL,3,2.88,3|3|2|3,
33.25,-86.5,America/Chicago,AL,2,2.94,3|3|2|2,
33.25,-86.25,America/Chicago,AL,3,3.25,3|3|3|2,
33.25,-86,America/Chicago,AL,4,3.69,4|4|4|4,
33.25,-85.75,America/Chicago,AL,4,3.94,4|4|4|4,
33.25,-85.5,America/Chicago,AL,4,4,4|4|4|4,
33.25,-85.25,America/Chicago,GA,4,4,4|4|4|4,
33.25,-85,America/New_York,GA,4,4,4|4|4|4,
33.25,-84.75,America/New_York,GA,4,4,4|4|4|4,
33.25,-84.5,America/New_York,GA,4,4,4|4|4|4,
33.25,-84.25,America/New_York,GA,4,4,4|4|4|4,
33.25,-84,America/New_York,GA,4,3.94,4|4|4|4,
33.25,-83.75,America/New_York,GA,4,3.75,4|4|4|4,
33.25,-83.5,America/New_York,GA,3,3.69,4|4|3|3,
33.25,-83.25,America/New_York,GA,4,3.88,4|4|4|3,
33.25,-83,America/New_York,GA,4,4,4|4|4|4,
33.25,-82.75,America/New_York,GA,4,4,4|4|4|4,
33.25,-82.5,America/New_York,GA,4,4,4|4|4|4,
33.25,-82.25,America/New_York,GA,4,4,4|4|4|4,
33.25,-82,America/New_York,GA,4,4,4|4|4|4,
33.25,-81.75,America/New_York,SC,4,4,4|4|4|4,
33.25,-81.5,America/New_York,SC,4,4,4|4|4|4,
33.25,-81.25,America/New_York,SC,4,4,4|4|4|4,
33.25,-81,America/New_York,SC,4,4,4|4|4|4,
33.25,-80.75,America/New_York,SC,4,4,4|4|4|4,
33.25,-80.5,America/New_York,SC,4,4,4|4|4|4,
33.25,-80.25,America/New_York,SC,4,4,4|4|4|4,
33.25,-80,America/New_York,SC,4,4,4|4|4|4,
33.25,-79.75,America/New_York,SC,4,4,4|4|4|4,
33.25,-79.5,America/New_York,SC,4,4,4|4|4|4,
33.25,-79.25,America/New_York,SC,4,4,4|4|4|4,
33.5,-91.5,America/Chicago,AR,1,0.83,1|1|1|1,
33.5,-91.25,America/Chicago,AR,1,0.94,1|1|1|1,
33.5,-91,America/Chicago,MS,1,0.88,2|1|1|1,
33.5,-90.75,America/Chicago,MS,1,0.75,0|1|1|1,
33.5,-90.5,America/Chicago,MS,1,0.88,0|1|1|1,
33.5,-90.25,America/Chicago,MS,1,1.25,0|1|1|1,
33.5,-90,America/Chicago,MS,2,1.69,2|2|2|1,
33.5,-89.75,America/Chicago,MS,2,1.63,2|2|2|2,
33.5,-89.5,America/Chicago,MS,1,1.19,1|1|1|1,
33.5,-89.25,America/Chicago,MS,1,0.88,1|1|1|1,
33.5,-89,America/Chicago,MS,0,0.75,0|0|1|1,
33.5,-88.75,America/Chicago,MS,1,0.94,1|1|2|2,
33.5,-88.5,America/Chicago,MS,1,1.38,1|1|1|2,
33.5,-88.25,America/Chicago,AL,2,1.81,2|2|2|2,
33.5,-88,America/Chicago,AL,2,2,2|2|2|2,
33.5,-87.75,America/Chicago,AL,2,2,2|2|2|2,
33.5,-87.5,America/Chicago,AL,2,2.19,3|2|2|2,
33.5,-87.25,America/Chicago,AL,3,2.63,3|3|3|2,
33.5,-87,America/Chicago,AL,3,2.94,3|3|3|2,
33.5,-86.75,America/Chicago,AL,3,3.06,4|4|3|3,
33.5,-86.5,America/Chicago,AL,4,3.31,4|4|4|3,
33.5,-86.25,America/Chicago,AL,4,3.63,4|4|4|3,
33.5,-86,America/Chicago,AL,4,3.81,4|4|4|4,
33.5,-85.75,America/Chicago,AL,4,3.94,4|4|4|4,
33.5,-85.5,America/Chicago,AL,4,4,4|4|4|4,
33.5,-85.25,America/New_York,GA,4,4,4|4|4|4,
33.5,-85,America/New_York,GA,4,4,4|4|4|4,
33.5,-84.75,America/New_York,GA,4,4,4|4|4|4,
33.5,-84.5,America/New_York,GA,4,4,4|4|4|4,
33.5,-84.25,America/New_York,GA,4,4,4|4|4|4,
33.5,-84,America/New_York,GA,4,4,4|4|4|4,
33.5,-83.75,America/New_York,GA,4,3.94,4|4|4|4,
33.5,-83.5,America/New_York,GA,4,3.88,4|4|4|3,
33.5,-83.25,America/New_York,GA,4,3.94,4|4|4|3,
33.5,-83,America/New_York,GA,4,4,4|4|4|4,
33.5,-82.75,America/New_York,GA,4,4,4|4|4|4,
33.5,-82.5,America/New_York,GA,4,4,4|4|4|4,
33.5,-82.25,America/New_York,GA,4,4,4|4|4|4,
33.5,-82,America/New_York,GA,4,4,4|4|4|4,
33.5,-81.75,America/New_York,SC,4,4,4|4|4|4,
33.5,-81.5,America/New_York,SC,4,4,4|4|4|4,
33.5,-81.25,America/New_York,SC,4,4,4|4|4|4,
33.5,-81,America/New_York,SC,4,4,4|4|4|4,
33.5,-80.75,America/New_York,SC,4,4,4|4|4|4,
33.5,-80.5,America/New_York,SC,4,4,4|4|4|4,
33.5,-80.25,America/New_York,SC,4,4,4|4|4|4,
33.5,-80,America/New_York,SC,4,4,4|4|4|4,
33.5,-79.75,America/New_York,SC,4,4,4|4|4|4,
33.5,-79.5,America/New_York,SC,4,4,4|4|4|4,
33.5,-79.25,America/New_York,SC,4,4,4|4|4|4,
33.75,-91.5,America/Chicago,AR,1,1,1|1|1|1,
33.75,-91.25,America/Chicago,AR,1,0.94,1|1|1|1,
33.75,-91,America/Chicago,MS,1,0.69,1|1|1|1,
33.75,-90.75,America/Chicago,MS,0,0.5,0|0|0|1,
33.75,-90.5,America/Chicago,MS,1,0.63,0|1|1|1,
33.75,-90.25,America/Chicago,MS,1,1,1|1|1|1,
33.75,-90,America/Chicago,MS,2,1.56,1|2|2|2,
33.75,-89.75,America/Chicago,MS,2,1.75,1|2|2|2,
33.75,-89.5,America/Chicago,MS,1,1.44,1|1|2|2,
33.75,-89.25,America/Chicago,MS,1,1.19,1|1|2|2,
33.75,-89,America/Chicago,MS,1,1.13,1|1|1|2,
33.75,-88.75,America/Chicago,MS,1,1.31,1|1|2|2,
33.75,-88.5,America/Chicago,MS,2,1.69,2|2|2|2,
33.75,-88.25,America/Chicago,MS,2,1.94,2|2|2|2,
33.75,-88,America/Chicago,AL,2,2,2|2|2|2,
33.75,-87.75,America/Chicago,AL,2,2,2|2|2|2,
33.75,-87.5,America/Chicago,AL,2,2.13,3|2|2|2,
33.75,-87.25,America/Chicago,AL,2,2.5,3|2|2|2,
33.75,-87,America/Chicago,AL,3,2.88,3|3|3|2,
33.75,-86.75,America/Chicago,AL,3,3.06,3|3|3|3,
33.75,-86.5,America/Chicago,AL,3,3.31,3|3|4|4,
33.75,-86.25,America/Chicago,AL,4,3.5,4|4|4|4,
33.75,-86,America/Chicago,AL,3,3.5,4|4|3|3,
33.75,-85.75,America/Chicago,AL,4,3.69,4|4|4|4,
33.75,-85.5,America/Chicago,AL,4,3.94,4|4|4|4,
33.75,-85.25,America/New_York,GA,4,4,4|4|4|4,
33.75,-85,America/New_York,GA,4,4,4|4|4|4,
33.75,-84.75,America/New_York,GA,4,4,4|4|4|4,
33.75,-84.5,America/New_York,GA,4,4,4|4|4|4,
33.75,-84.25,America/New_York,GA,4,4,4|4|4|4,
33.75,-84,America/New_York,GA,4,4,4|4|4|4,
33.75,-83.75,America/New_York,GA,4,4,4|4|4|4,
33.75,-83.5,America/New_York,GA,4,4,4|4|4|4,
33.75,-83.25,America/New_York,GA,4,4,4|4|4|4,
33.75,-83,America/New_York,GA,4,4,4|4|4|4,
33.75,-82.75,America/New_York,GA,4,4,4|4|4|4,
33.75,-82.5,America/New_York,GA,4,4,4|4|4|4,
33.75,-82.25,America/New_York,GA,4,4,4|4|4|4,
33.75,-82,America/New_York,SC,4,4,4|4|4|4,
33.75,-81.75,America/New_York,SC,4,4,4|4|4|4,
33.75,-81.5,America/New_York,SC,4,4,4|4|4|4,
33.75,-81.25,America/New_York,SC,4,4,4|4|4|4,
33.75,-81,America/New_York,SC,4,4,4|4|4|4,
33.75,-80.75,America/New_York,SC,4,4,4|4|4|4,
33.75,-80.5,America/New_York,SC,4,4,4|4|4|4,
33.75,-80.25,America/New_York,SC,4,4,4|4|4|4,
33.75,-80,America/New_York,SC,4,4,4|4|4|4,
33.75,-79.75,America/New_York,SC,4,4,4|4|4|4,
33.75,-79.5,America/New_York,SC,4,4,4|4|4|4,
33.75,-79.25,America/New_York,SC,4,4,4|4|4|4,
33.75,-79,America/New_York,SC,4,4,4|4|4|4,
34,-91.5,America/Chicago,AR,1,1,1|1|1|1,
34,-91.25,America/Chicago,AR,1,0.81,1|1|1|1,
34,-91,America/Chicago,AR,0,0.38,0|0|0|0,
34,-90.75,America/Chicago,MS,0,0.13,0|0|0|0,
34,-90.5,America/Chicago,MS,0,0.19,0|0|0|0,
34,-90.25,America/Chicago,MS,0,0.44,0|0|0|0,
34,-90,America/Chicago,MS,1,1.06,1|1|1|1,
34,-89.75,America/Chicago,MS,2,1.69,1|2|2|2,
34,-89.5,America/Chicago,MS,2,1.81,2|2|2|2,
34,-89.25,America/Chicago,MS,2,1.75,2|2|2|2,
34,-89,America/Chicago,MS,2,1.75,2|2|2|2,
34,-88.75,America/Chicago,MS,2,1.81,1|2|2|2,
34,-88.5,America/Chicago,MS,2,1.94,2|2|2|2,
34,-88.25,America/Chicago,MS,2,2.06,2|2|2|2,
34,-88,America/Chicago,AL,2,2.19,3|2|2|2,
34,-87.75,America/Chicago,AL,2,2.25,2|2|2|2,
34,-87.5,America/Chicago,AL,2,2.38,3|3|2|2,
34,-87.25,America/Chicago,AL,3,2.75,4|3|3|2,
34,-87,America/Chicago,AL,3,3.13,3|3|3|4,
34,-86.75,America/Chicago,AL,3,3.19,3|3|3|3,
34,-86.5,America/Chicago,AL,3,3.13,3|3|3|4,
34,-86.25,America/Chicago,AL,3,3.19,3|3|3|4,
34,-86,America/Chicago,AL,3,3.31,4|3|3|1,
34,-85.75,America/Chicago,AL,3,3.56,4|3|1|3,
34,-85.5,America/Chicago,AL,4,3.88,4|4|4|3,
34,-85.25,America/New_York,GA,4,4,4|4|4|4,
34,-85,America/New_York,GA,4,4,4|4|4|4,
34,-84.75,America/New_York,GA,4,4,4|4|4|4,
34,-84.5,America/New_York,GA,4,4,4|4|4|4,
34,-84.25,America/New_York,GA,4,4,4|4|4|4,
34,-84,America/New_York,GA,4,4,4|4|4|4,
34,-83.75,America/New_York,GA,4,4,4|4|4|4,
34,-83.5,America/New_York,GA,4,4,4|4|4|4,
34,-83.25,America/New_York,GA,4,4,4|4|4|4,
34,-83,America/New_York,GA,4,4,4|4|4|4,
34,-82.75,America/New_York,GA,4,4,4|4|4|3,
34,-82.5,America/New_York,SC,4,4,4|4|4|4,
34,-82.25,America/New_York,SC,4,4,4|4|4|4,
34,-82,America/New_York,SC,4,4,4|4|4|4,
34,-81.75,America/New_York,SC,4,4,4|4|4|4,
34,-81.5,America/New_York,SC,4,4,4|4|4|4,
34,-81.25,America/New_York,SC,4,4,4|4|4|4,
34,-81,America/New_York,SC,4,4,4|4|4|4,
34,-80.75,America/New_York,SC,4,4,4|4|4|4,
34,-80.5,America/New_York,SC,4,4,4|4|4|4,
34,-80.25,America/New_York,SC,4,4,4|4|4|4,
34,-80,America/New_York,SC,4,4,4|4|4|4,
34,-79.75,America/New_York,SC,4,4,4|4|4|4,
34,-79.5,America/New_York,SC,4,4,4|4|4|4,
34,-79.25,America/New_York,SC,4,4,4|4|4|4,
34,-79,America/New_York,SC,4,4,4|4|4|4,
34,-78.75,America/New_York,SC,4,4,4|4|4|4,
34,-78.5,America/New_York,NC,4,4,4|4|4|4,
34,-78.25,America/New_York,NC,4,4,4|4|4|4,
34,-78,America/New_York,NC,4,4,4|4|4|4,
34.25,-91.5,America/Chicago,AR,1,1,1|1|1|1,
34.25,-91.25,America/Chicago,AR,1,0.81,0|1|1|1,
34.25,-91,America/Chicago,AR,0,0.38,0|0|0|0,
34.25,-90.75,America/Chicago,MS,0,0.06,0|0|0|0,
34.25,-90.5,America/Chicago,MS,0,0,0|0|0|0,
34.25,-90.25,America/Chicago,MS,0,0.13,0|0|0|0,
34.25,-90,America/Chicago,MS,0,0.69,0|1|0|1,
34.25,-89.75,America/Chicago,MS,2,1.56,1|2|2|2,
34.25,-89.5,America/Chicago,MS,2,2.06,2|2|2|2,
34.25,-89.25,America/Chicago,MS,2,2.06,2|2|2|2,
34.25,-89,America/Chicago,MS,2,2,3|2|2|2,
34.25,-88.75,America/Chicago,MS,2,2,2|2|2|2,
34.25,-88.5,America/Chicago,MS,2,2.06,3|2|2|2,
34.25,-88.25,America/Chicago,MS,2,2.31,2|2|2|2,
34.25,-88,America/Chicago,AL,3,2.69,3|3|2|3,
34.25,-87.75,America/Chicago,AL,3,2.94,3|4|3|4,
34.25,-87.5,America/Chicago,AL,3,3.06,4|3|2|3,
34.25,-87.25,America/Chicago,AL,3,3.31,4|3|3|3,
34.25,-87,America/Chicago,AL,4,3.63,4|4|4|3,
34.25,-86.75,America/Chicago,AL,4,3.56,4|4|4|4,
34.25,-86.5,America/Chicago,AL,3,3.25,3|3|4|4,
34.25,-86.25,America/Chicago,AL,3,3.31,3|3|3|3,
34.25,-86,America/Chicago,AL,4,3.63,4|4|4|4,
34.25,-85.75,America/Chicago,AL,4,3.81,4|4|4|4,
34.25,-85.5,America/Chicago,AL,4,3.94,4|4|4|4,
34.25,-85.25,America/New_York,GA,4,4,4|4|4|4,
34.25,-85,America/New_York,GA,4,4,4|4|4|4,
34.25,-84.75,America/New_York,GA,4,4,4|4|4|4,
34.25,-84.5,America/New_York,GA,4,4,4|4|4|4,
34.25,-84.25,America/New_York,GA,4,4,4|4|4|4,
34.25,-84,America/New_York,GA,4,4,4|4|4|4,
34.25,-83.75,America/New_York,GA,4,4,4|4|4|4,
34.25,-83.5,America/New_York,GA,4,4,4|4|4|4,
34.25,-83.25,America/New_York,GA,4,4,4|4|4|4,
34.25,-83,America/New_York,GA,4,4,4|4|4|4,
34.25,-82.75,America/New_York,GA,4,4,4|4|4|4,
34.25,-82.5,America/New_York,SC,4,4,4|4|4|4,
34.25,-82.25,America/New_York,SC,4,4,4|4|4|4,
34.25,-82,America/New_York,SC,4,4,4|4|4|4,
34.25,-81.75,America/New_York,SC,4,4,4|4|4|4,
34.25,-81.5,America/New_York,SC,4,4,4|4|4|4,
34.25,-81.25,America/New_York,SC,4,4,4|4|4|4,
34.25,-81,America/New_York,SC,4,4,4|4|4|4,
34.25,-80.75,America/New_York,SC,4,4,4|4|4|4,
34.25,-80.5,America/New_York,SC,4,4,4|4|4|4,
34.25,-80.25,America/New_York,SC,4,4,4|4|4|4,
34.25,-80,America/New_York,SC,4,4,4|4|4|4,
34.25,-79.75,America/New_York,SC,4,4,4|4|4|4,
34.25,-79.5,America/New_York,SC,4,4,4|4|4|4,
34.25,-79.25,America/New_York,SC,4,4,4|4|4|4,
34.25,-79,America/New_York,NC,4,4,4|4|4|4,
34.25,-78.75,America/New_York,NC,4,4,4|4|4|4,
34.25,-78.5,America/New_York,NC,4,4,4|4|4|4,
34.25,-78.25,America/New_York,NC,4,4,4|4|4|4,
34.25,-78,America/New_York,NC,4,4,4|4|4|4,
34.5,-91.5,America/Chicago,AR,1,1,1|1|1|1,
34.5,-91.25,America/Chicago,AR,1,1,1|1|1|1,
34.5,-91,America/Chicago,AR,1,0.88,1|1|1|1,
34.5,-90.75,America/Chicago,AR,0,0.63,0|0|0|1,
34.5,-90.5,America/Chicago,MS,0,0.44,0|0|0|0,
34.5,-90.25,America/Chicago,MS,0,0.44,0|0|0|0,
34.5,-90,America/Chicago,MS,1,0.75,1|1|0|1,
34.5,-89.75,America/Chicago,MS,1,1.44,2|1|1|2,
34.5,-89.5,America/Chicago,MS,3,2.06,3|3|3|2,
34.5,-89.25,America/Chicago,MS,2,2.13,3|2|2|2,
34.5,-89,America/Chicago,MS,2,2.06,2|2|2|3,
34.5,-88.75,America/Chicago,MS,2,2.19,2|2|3|3,
34.5,-88.5,America/Chicago,MS,2,2.38,3|2|2|3,
34.5,-88.25,America/Chicago,MS,3,2.69,3|3|3|3,
34.5,-88,America/Chicago,AL,3,3.13,3|3|3|3,
34.5,-87.75,America/Chicago,AL,4,3.56,4|3|4|4,
34.5,-87.5,America/Chicago,AL,4,3.75,4|3|4|4,
34.5,-87.25,America/Chicago,AL,4,3.81,4|4|3|4,
34.5,-87,America/Chicago,AL,4,3.94,4|4|4|3,
34.5,-86.75,America/Chicago,AL,4,3.81,3|4|4|4,
34.5,-86.5,America/Chicago,AL,3,3.56,3|3|3|3,
34.5,-86.25,America/Chicago,AL,4,3.69,4|4|4|4,
34.5,-86,America/Chicago,AL,4,3.94,4|4|4|4,
34.5,-85.75,America/Chicago,AL,4,4,4|4|4|4,
34.5,-85.5,America/New_York,GA,4,4,4|4|4|4,
34.5,-85.25,America/New_York,GA,4,4,4|4|4|4,
34.5,-85,America/New_York,GA,4,4,4|4|4|4,
34.5,-84.75,America/New_York,GA,4,4,4|4|4|4,
34.5,-84.5,America/New_York,GA,4,4,4|4|4|4,
34.5,-84.25,America/New_York,GA,4,4,4|4|4|4,
34.5,-84,America/New_York,GA,4,4,4|4|4|4,
34.5,-83.75,America/New_York,GA,4,4,4|4|4|4,
34.5,-83.5,America/New_York,GA,4,4,4|4|4|4,
34.5,-83.25,America/New_York,GA,4,4,4|4|4|4,
34.5,-83,America/New_York,SC,4,4,4|4|4|4,
34.5,-82.75,America/New_York,SC,4,4,4|4|4|4,
34.5,-82.5,America/New_York,SC,4,4,4|4|4|4,
34.5,-82.25,America/New_York,SC,4,4,4|4|4|4,
34.5,-82,America/New_York,SC,4,4,4|4|4|4,
34.5,-81.75,America/New_York,SC,4,4,4|4|4|4,
34.5,-81.5,America/New_York,SC,4,4,4|4|4|4,
34.5,-81.25,America/New_York,SC,4,4,4|4|4|4,
34.5,-81,America/New_York,SC,4,4,4|4|4|3,
34.5,-80.75,America/New_York,SC,4,4,4|4|4|4,
34.5,-80.5,America/New_York,SC,4,4,4|4|4|4,
34.5,-80.25,America/New_York,SC,4,4,4|4|4|4,
34.5,-80,America/New_York,SC,4,4,4|4|4|4,
34.5,-79.75,America/New_York,SC,4,4,4|4|4|4,
34.5,-79.5,America/New_York,SC,4,4,4|4|4|4,
34.5,-79.25,America/New_York,NC,4,4,4|4|4|4,
34.5,-79,America/New_York,NC,4,4,4|4|4|4,
34.5,-78.75,America/New_York,NC,4,4,4|4|4|4,
34.5,-78.5,America/New_York,NC,4,4,4|4|4|4,
34.5,-78.25,America/New_York,NC,4,4,4|4|4|4,
34.5,-78,America/New_York,NC,4,4,4|4|4|4,
34.5,-77.75,America/New_York,NC,4,4,4|4|4|4,
34.5,-77.5,America/New_York,NC,4,4,4|4|4|4,
34.75,-91.5,America/Chicago,AR,1,1.08,1|1|1|1,
34.75,-91.25,America/Chicago,AR,1,1.31,2|1|2|1,
34.75,-91,America/Chicago,AR,2,1.56,2|2|2|1,
34.75,-90.75,America/Chicago,AR,2,1.56,2|2|1|2,
34.75,-90.5,America/Chicago,AR,2,1.38,2|2|2|2,
34.75,-90.25,America/Chicago,MS,1,1.19,1|1|1|2,
34.75,-90,America/Chicago,MS,1,1.13,2|1|1|1,
34.75,-89.75,America/Chicago,MS,1,1.38,2|1|1|2,
34.75,-89.5,America/Chicago,MS,2,1.88,3|2|2|2,
34.75,-89.25,America/Chicago,MS,2,2.13,2|3|2|2,
34.75,-89,America/Chicago,MS,2,2.25,2|3|2|2,
34.75,-88.75,America/Chicago,MS,3,2.5,3|3|3|3,
34.75,-88.5,America/Chicago,MS,3,2.75,3|3|3|2,
34.75,-88.25,America/Chicago,MS,3,2.94,3|3|3|3,
34.75,-88,America/Chicago,AL,3,3.25,3|3|3|3,
34.75,-87.75,America/Chicago,AL,4,3.75,3|4|4|4,
34.75,-87.5,America/Chicago,AL,4,4,4|4|4|4,
34.75,-87.25,America/Chicago,AL,4,4,3|4|4|4,
34.75,-87,America/Chicago,AL,4,4,4|4|4|4,
34.75,-86.75,America/Chicago,AL,4,3.94,4|4|4|4,
34.75,-86.5,America/Chicago,AL,4,3.88,4|4|4|4,
34.75,-86.25,America/Chicago,AL,4,3.94,4|4|4|4,
34.75,-86,America/Chicago,AL,4,4,4|4|4|4,
34.75,-85.75,America/Chicago,AL,4,4,4|4|4|4,
34.75,-85.5,America/New_York,GA,4,4,4|4|4|4,
34.75,-85.25,America/New_York,GA,4,4,4|4|4|4,
34.75,-85,America/New_York,GA,4,4,4|4|4|4,
34.75,-84.75,America/New_York,GA,4,4,4|4|4|4,
34.75,-84.5,America/New_York,GA,4,4,4|4|4|4,
34.75,-84.25,America/New_York,GA,4,4,4|4|4|4,
34.75,-84,America/New_York,GA,4,4,4|4|4|4,
34.75,-83.75,America/New_York,GA,4,3.94,4|4|4|4,
34.75,-83.5,America/New_York,GA,4,3.88,4|4|4|4,
34.75,-83.25,America/New_York,SC,4,3.94,4|4|4|4,
34.75,-83,America/New_York,SC,4,4,4|4|4|4,
34.75,-82.75,America/New_York,SC,4,4,4|4|4|4,
34.75,-82.5,America/New_York,SC,4,4,4|4|4|4,
34.75,-82.25,America/New_York,SC,4,4,4|4|4|4,
34.75,-82,America/New_York,SC,4,4,4|4|4|4,
34.75,-81.75,America/New_York,SC,4,4,4|4|4|4,
34.75,-81.5,America/New_York,SC,4,4,4|4|4|4,
34.75,-81.25,America/New_York,SC,4,4,4|4|4|4,
34.75,-81,America/New_York,SC,4,4,4|4|4|4,
34.75,-80.75,America/New_York,SC,4,4,4|4|4|4,
34.75,-80.5,America/New_York,SC,4,4,4|4|4|4,
34.75,-80.25,America/New_York,SC,4,4,4|4|4|4,
34.75,-80,America/New_York,SC,4,4,4|4|4|4,
34.75,-79.75,America/New_York,SC,4,4,4|4|4|4,
34.75,-79.5,America/New_York,NC,4,4,4|4|4|4,
34.75,-79.25,America/New_York,NC,4,4,4|4|4|4,
34.75,-79,America/New_York,NC,4,4,4|4|4|4,
34.75,-78.75,America/New_York,NC,4,4,4|4|4|4,
34.75,-78.5,America/New_York,NC,4,4,4|4|4|4,
34.75,-78.25,America/New_York,NC,4,4,4|4|4|4,
34.75,-78,America/New_York,NC,4,4,4|4|4|4,
34.75,-77.75,America/New_York,NC,4,4,4|4|4|4,
34.75,-77.5,America/New_York,NC,4,4,4|4|4|4,
34.75,-77.25,America/New_York,NC,4,4,4|4|4|4,
34.75,-77,America/New_York,NC,4,4,4|4|4|4,
34.75,-76.75,America/New_York,NC,4,4,4|4|4|4,
34.75,-76.5,America/New_York,NC,4,4,4|4|4|4,
35,-91.5,America/Chicago,AR,1,1.17,2|1|1|1,
35,-91.25,America/Chicago,AR,2,1.5,2|1|2|2,
35,-91,America/Chicago,AR,2,1.88,2|2|2|2,
35,-90.75,America/Chicago,AR,2,2.06,3|2|2|2,
35,-90.5,America/Chicago,AR,2,2,3|2|2|2,
35,-90.25,America/Chicago,TN,2,1.69,2|2|2|2,
35,-90,America/Chicago,TN,2,1.44,3|2|2|2,
35,-89.75,America/Chicago,TN,1,1.56,2|1|1|2,
35,-89.5,America/Chicago,TN,2,2,3|2|2|2,
35,-89.25,America/Chicago,TN,2,2.38,3|3|2|2,
35,-89,America/Chicago,TN,3,2.56,3|3|3|3,
35,-88.75,America/Chicago,TN,2,2.69,3|3|2|2,
35,-88.5,America/Chicago,TN,3,2.88,3|3|3|3,
35,-88.25,America/Chicago,TN,3,3.06,3|3|3|2,
35,-88,America/Chicago,AL,3,3.38,4|4|3|3,
35,-87.75,America/Chicago,AL,4,3.81,4|4|4|4,
35,-87.5,America/Chicago,AL,4,4,4|4|4|4,
35,-87.25,America/Chicago,TN,4,4,4|4|4|4,
35,-87,America/Chicago,TN,4,4,4|4|3|4,
35,-86.75,America/Chicago,TN,4,4,4|4|4|4,
35,-86.5,America/Chicago,TN,4,4,4|4|3|4,
35,-86.25,America/Chicago,TN,4,4,4|4|4|4,
35,-86,America/Chicago,TN,4,4,4|4|4|4,
35,-85.75,America/Chicago,TN,4,4,4|4|4|4,
35,-85.5,America/Chicago,TN,4,4,4|4|4|4,
35,-85.25,America/New_York,TN,4,4,4|4|4|4,
35,-85,America/New_York,TN,4,4,4|4|4|4,
35,-84.75,America/New_York,TN,4,4,4|4|4|4,
35,-84.5,America/New_York,TN,4,4,2|4|4|4,
35,-84.25,America/New_York,NC,4,3.94,4|4|4|4,
35,-84,America/New_York,NC,4,3.88,4|4|4|4,
35,-83.75,America/New_York,NC,4,3.81,4|4|4|4,
35,-83.5,America/New_York,NC,3,3.75,2|3|4|4,
35,-83.25,America/New_York,NC,4,3.88,4|4|4|4,
35,-83,America/New_York,SC,4,4,4|4|4|4,
35,-82.75,America/New_York,SC,4,4,4|4|4|4,
35,-82.5,America/New_York,SC,4,4,4|4|4|4,
35,-82.25,America/New_York,SC,4,4,4|4|4|4,
35,-82,America/New_York,SC,4,4,4|4|4|4,
35,-81.75,America/New_York,SC,4,4,4|4|4|4,
35,-81.5,America/New_York,SC,4,4,4|4|4|4,
35,-81.25,America/New_York,SC,4,4,4|4|4|4,
35,-81,America/New_York,SC,4,4,4|4|4|4,
35,-80.75,America/New_York,NC,4,4,4|4|4|4,
35,-80.5,America/New_York,NC,4,4,4|4|4|4,
35,-80.25,America/New_York,NC,4,4,4|4|4|4,
35,-80,America/New_York,NC,4,4,4|4|4|4,
35,-79.75,America/New_York,NC,4,4,4|4|4|4,
35,-79.5,America/New_York,NC,4,4,4|4|4|4,
35,-79.25,America/New_York,NC,4,4,4|4|4|4,
35,-79,America/New_York,NC,4,4,4|4|4|4,
35,-78.75,America/New_York,NC,4,4,4|4|4|4,
35,-78.5,America/New_York,NC,4,4,4|4|4|4,
35,-78.25,America/New_York,NC,4,4,4|4|4|4,
35,-78,America/New_York,NC,4,4,4|4|4|4,
35,-77.75,America/New_York,NC,4,4,4|4|4|4,
35,-77.5,America/New_York,NC,4,4,4|4|4|4,
35,-77.25,America/New_York,NC,4,4,4|4|4|4,
35,-77,America/New_York,NC,4,4,4|4|4|4,
35,-76.75,America/New_York,NC,4,4,4|4|4|4,
35,-76.5,America/New_York,NC,4,4,4|4|4|4,
35.25,-91.5,America/Chicago,AR,1,1.08,1|1|1|1,
35.25,-91.25,America/Chicago,AR,1,1.31,1|1|1|1,
35.25,-91,America/Chicago,AR,2,1.69,2|2|2|2,
35.25,-90.75,America/Chicago,AR,2,2.06,3|3|2|2,
35.25,-90.5,America/Chicago,AR,3,2.13,3|3|2|3,
35.25,-90.25,America/Chicago,AR,1,1.75,3|2|1|1,
35.25,-90,America/Chicago,TN,1,1.63,1|2|1|2,
35.25,-89.75,America/Chicago,TN,2,2.06,3|2|2|2,
35.25,-89.5,America/Chicago,TN,3,2.56,3|3|3|2,
35.25,-89.25,America/Chicago,TN,3,2.88,3|3|3|3,
35.25,-89,America/Chicago,TN,3,3.06,3|4|4|3,
35.25,-88.75,America/Chicago,TN,3,3.13,4|4|3|3,
35.25,-88.5,America/Chicago,TN,3,3.19,4|4|3|3,
35.25,-88.25,America/Chicago,TN,3,3.38,4|4|3|3,
35.25,-88,America/Chicago,TN,4,3.69,4|4|4|3,
35.25,-87.75,America/Chicago,TN,4,3.94,4|4|4|4,
35.25,-87.5,America/Chicago,TN,4,4,4|4|4|4,
35.25,-87.25,America/Chicago,TN,4,4,4|4|4|4,
35.25,-87,America/Chicago,TN,4,4,4|4|4|4,
35.25,-86.75,America/Chicago,TN,4,3.94,4|4|4|4,
35.25,-86.5,America/Chicago,TN,4,3.81,4|4|4|4,
35.25,-86.25,America/Chicago,TN,4,3.81,4|4|4|3,
35.25,-86,America/Chicago,TN,4,3.94,4|4|4|4,
35.25,-85.75,America/Chicago,TN,4,4,4|4|4|4,
35.25,-85.5,America/Chicago,TN,4,4,4|4|4|4,
35.25,-85.25,America/New_York,TN,4,4,4|4|4|4,
35.25,-85,America/New_York,TN,4,4,4|4|4|4,
35.25,-84.75,America/New_York,TN,4,4,4|4|4|4,
35.25,-84.5,America/New_York,TN,4,4,4|4|4|4,
35.25,-84.25,America/New_York,NC,4,3.88,4|4|4|4,
35.25,-84,America/New_York,NC,3,3.75,3|3|4|4,
35.25,-83.75,America/New_York,NC,4,3.81,2|4|4|4,
35.25,-83.5,America/New_York,NC,4,3.88,4|4|4|4,
35.25,-83.25,America/New_York,NC,4,3.94,3|4|4|4,
35.25,-83,America/New_York,NC,4,4,4|4|4|4,
35.25,-82.75,America/New_York,NC,4,4,4|4|4|4,
35.25,-82.5,America/New_York,NC,4,4,4|4|4|4,
35.25,-82.25,America/New_York,NC,4,4,4|4|4|4,
35.25,-82,America/New_York,NC,4,4,4|4|4|4,
35.25,-81.75,America/New_York,NC,4,4,4|4|4|4,
35.25,-81.5,America/New_York,NC,4,4,4|4|4|4,
35.25,-81.25,America/New_York,NC,4,4,4|4|4|4,
35.25,-81,America/New_York,NC,4,4,4|4|4|4,
35.25,-80.75,America/New_York,NC,4,4,4|4|4|4,
35.25,-80.5,America/New_York,NC,4,4,4|4|4|4,
35.25,-80.25,America/New_York,NC,4,4,4|4|4|4,
35.25,-80,America/New_York,NC,4,4,4|4|4|4,
35.25,-79.75,America/New_York,NC,4,4,4|4|4|4,
35.25,-79.5,America/New_York,NC,4,4,4|4|4|4,
35.25,-79.25,America/New_York,NC,4,4,4|4|4|4,
35.25,-79,America/New_York,NC,4,4,4|4|4|4,
35.25,-78.75,America/New_York,NC,4,4,4|4|4|4,
35.25,-78.5,America/New_York,NC,4,4,4|4|4|4,
35.25,-78.25,America/New_York,NC,4,4,4|4|4|4,
35.25,-78,America/New_York,NC,4,4,4|4|4|4,
35.25,-77.75,America/New_York,NC,4,4,4|4|4|4,
35.25,-77.5,America/New_York,NC,4,4,4|4|4|4,
35.25,-77.25,America/New_York,NC,4,4,4|4|4|4,
35.25,-77,America/New_York,NC,4,4,4|4|4|4,
35.25,-76.75,America/New_York,NC,4,4,4|4|4|4,
35.25,-76.5,America/New_York,NC,4,4,4|4|4|4,
35.5,-91.5,America/Chicago,AR,1,1.08,3|1|1|1,
35.5,-91.25,America/Chicago,AR,1,1.25,3|1|1|1,
35.5,-91,America/Chicago,AR,1,1.56,3|2|1|1,
35.5,-90.75,America/Chicago,AR,2,1.94,3|2|2|2,
35.5,-90.5,America/Chicago,AR,2,2.13,3|2|2|2,
35.5,-90.25,America/Chicago,AR,2,2.06,3|2|2|2,
35.5,-90,America/Chicago,TN,2,2.19,3|3|2|2,
35.5,-89.75,America/Chicago,TN,3,2.69,3|3|2|3,
35.5,-89.5,America/Chicago,TN,3,3.13,3|3|3|3,
35.5,-89.25,America/Chicago,TN,3,3.38,4|4|3|3,
35.5,-89,America/Chicago,TN,4,3.63,4|4|4|4,
35.5,-88.75,America/Chicago,TN,4,3.75,4|4|4|4,
35.5,-88.5,America/Chicago,TN,4,3.75,4|4|4|4,
35.5,-88.25,America/Chicago,TN,4,3.75,4|4|4|4,
35.5,-88,America/Chicago,TN,4,3.81,4|4|4|4,
35.5,-87.75,America/Chicago,TN,4,3.94,4|4|4|4,
35.5,-87.5,America/Chicago,TN,4,4,4|4|4|4,
35.5,-87.25,America/Chicago,TN,4,4,4|4|4|4,
35.5,-87,America/Chicago,TN,4,4,4|4|4|4,
35.5,-86.75,America/Chicago,TN,4,3.88,4|4|4|4,
35.5,-86.5,America/Chicago,TN,3,3.63,4|4|3|3,
35.5,-86.25,America/Chicago,TN,3,3.63,4|4|3|3,
35.5,-86,America/Chicago,TN,4,3.88,4|4|4|4,
35.5,-85.75,America/Chicago,TN,4,4,4|4|4|4,
35.5,-85.5,America/Chicago,TN,4,4,4|4|4|4,
35.5,-85.25,America/Chicago,TN,4,4,4|4|4|4,
35.5,-85,America/New_York,TN,4,4,4|4|4|4,
35.5,-84.75,America/New_York,TN,4,4,4|4|4|4,
35.5,-84.5,America/New_York,TN,4,4,4|4|4|4,
35.5,-84.25,America/New_York,TN,4,3.94,4|4|4|4,
35.5,-84,America/New_York,TN,4,3.88,4|4|4|4,
35.5,-83.75,America/New_York,NC,4,3.94,3|4|4|4,
35.5,-83.5,America/New_York,NC,4,3.94,3|4|4|4,
35.5,-83.25,America/New_York,NC,4,3.88,3|4|4|4,
35.5,-83,America/New_York,NC,4,3.94,4|4|4|4,
35.5,-82.75,America/New_York,NC,4,4,4|4|4|4,
35.5,-82.5,America/New_York,NC,4,4,4|4|4|4,
35.5,-82.25,America/New_York,NC,4,4,4|4|4|4,
35.5,-82,America/New_York,NC,4,4,4|4|4|4,
35.5,-81.75,America/New_York,NC,4,4,4|4|4|4,
35.5,-81.5,America/New_York,NC,4,4,4|4|4|4,
35.5,-81.25,America/New_York,NC,4,4,4|4|4|4,
35.5,-81,America/New_York,NC,4,4,4|4|4|4,
35.5,-80.75,America/New_York,NC,4,4,4|4|4|4,
35.5,-80.5,America/New_York,NC,4,4,4|4|4|4,
35.5,-80.25,America/New_York,NC,4,4,4|4|4|4,
35.5,-80,America/New_York,NC,4,4,4|4|4|4,
35.5,-79.75,America/New_York,NC,4,4,4|4|4|4,
35.5,-79.5,America/New_York,NC,4,4,4|4|4|4,
35.5,-79.25,America/New_York,NC,4,4,4|4|4|4,
35.5,-79,America/New_York,NC,4,4,4|4|4|4,
35.5,-78.75,America/New_York,NC,4,4,4|4|4|4,
35.5,-78.5,America/New_York,NC,4,4,4|4|4|4,
35.5,-78.25,America/New_York,NC,4,4,4|4|4|4,
35.5,-78,America/New_York,NC,4,4,4|4|4|4,
35.5,-77.75,America/New_York,NC,4,4,4|4|4|4,
35.5,-77.5,America/New_York,NC,4,4,4|4|4|4,
35.5,-77.25,America/New_York,NC,4,4,4|4|4|4,
35.5,-76.75,America/New_York,NC,4,4,4|4|4|4,
35.5,-76.5,America/New_York,NC,4,4,4|4|4|4,
35.5,-76.25,America/New_York,NC,4,4,4|4|4|4,
35.5,-76,America/New_York,NC,4,4,4|4|4|4,
35.75,-91.5,America/Chicago,AR,1,1.42,2|2|1|1,
35.75,-91.25,America/Chicago,AR,2,1.63,2|2|2|2,
35.75,-91,America/Chicago,AR,2,1.81,3|2|2|2,
35.75,-90.75,America/Chicago,AR,2,2,3|3|2|2,
35.75,-90.5,America/Chicago,AR,2,2.27,3|3|2|2,
35.75,-90.25,America/Chicago,AR,3,2.54,3|3|3|3,
35.75,-90,America/Chicago,AR,3,2.85,3|3|3|3,
35.75,-89.75,America/Chicago,TN,3,3.27,3|3|3|3,
35.75,-89.5,America/Chicago,TN,4,3.63,4|4|4|3,
35.75,-89.25,America/Chicago,TN,4,3.81,4|4|4|4,
35.75,-89,America/Chicago,TN,4,3.94,4|4|4|4,
35.75,-88.75,America/Chicago,TN,4,4,4|4|4|4,
35.75,-88.5,America/Chicago,TN,4,4,4|4|4|4,
35.75,-88.25,America/Chicago,TN,4,3.88,4|4|4|4,
35.75,-88,America/Chicago,TN,3,3.75,4|4|3|3,
35.75,-87.75,America/Chicago,TN,4,3.88,4|4|4|4,
35.75,-87.5,America/Chicago,TN,4,4,4|4|4|4,
35.75,-87.25,America/Chicago,TN,4,4,4|4|4|4,
35.75,-87,America/Chicago,TN,4,4,4|4|4|4,
35.75,-86.75,America/Chicago,TN,4,3.94,4|4|4|4,
35.75,-86.5,America/Chicago,TN,4,3.81,4|4|4|4,
35.75,-86.25,America/Chicago,TN,4,3.81,4|4|4|4,
35.75,-86,America/Chicago,TN,4,3.94,4|4|4|4,
35.75,-85.75,America/Chicago,TN,4,4,4|4|4|4,
35.75,-85.5,America/Chicago,TN,4,4,4|4|4|4,
35.75,-85.25,America/Chicago,TN,4,4,4|4|4|4,
35.75,-85,America/Chicago,TN,4,4,4|4|4|4,
35.75,-84.75,America/New_York,TN,4,4,4|4|4|4,
35.75,-84.5,America/New_York,TN,4,4,4|4|4|4,
35.75,-84.25,America/New_York,TN,4,4,4|4|4|4,
35.75,-84,America/New_York,TN,4,4,4|4|4|4,
35.75,-83.75,America/New_York,TN,4,4,4|4|4|4,
35.75,-83.5,America/New_York,TN,4,3.88,4|4|4|4,
35.75,-83.25,America/New_York,TN,3,3.75,2|3|3|3,
35.75,-83,America/New_York,NC,4,3.88,3|4|4|4,
35.75,-82.75,America/New_York,NC,4,3.88,4|4|4|4,
35.75,-82.5,America/New_York,NC,4,3.75,4|4|4|4,
35.75,-82.25,America/New_York,NC,4,3.88,3|4|4|4,
35.75,-82,America/New_York,NC,4,4,4|4|4|4,
35.75,-81.75,America/New_York,NC,4,4,4|4|4|4,
35.75,-81.5,America/New_York,NC,4,4,4|4|4|4,
35.75,-81.25,America/New_York,NC,4,4,4|4|4|4,
35.75,-81,America/New_York,NC,4,4,4|4|4|4,
35.75,-80.75,America/New_York,NC,4,4,4|4|4|4,
35.75,-80.5,America/New_York,NC,4,4,4|4|4|4,
35.75,-80.25,America/New_York,NC,4,4,4|4|4|4,
35.75,-80,America/New_York,NC,4,4,4|4|4|4,
35.75,-79.75,America/New_York,NC,4,4,4|4|4|4,
35.75,-79.5,America/New_York,NC,4,4,4|4|4|4,
35.75,-79.25,America/New_York,NC,4,4,4|4|4|4,
35.75,-79,America/New_York,NC,4,4,4|4|4|4,
35.75,-78.75,America/New_York,NC,4,4,4|4|4|4,
35.75,-78.5,America/New_York,NC,4,4,4|4|4|4,
35.75,-78.25,America/New_York,NC,4,4,4|4|4|4,
35.75,-78,America/New_York,NC,4,4,4|4|4|4,
35.75,-77.75,America/New_York,NC,4,4,4|4|4|4,
35.75,-77.5,America/New_York,NC,4,4,4|4|4|4,
35.75,-77.25,America/New_York,NC,4,4,4|4|4|4,
35.75,-77,America/New_York,NC,4,4,4|4|4|4,
35.75,-76.75,America/New_York,NC,4,4,4|4|4|4,
35.75,-76.5,America/New_York,NC,4,4,4|4|4|4,
35.75,-76.25,America/New_York,NC,4,4,4|4|4|4,
35.75,-75.75,America/New_York,NC,4,4,4|4|4|4,
36,-91.5,America/Chicago,AR,2,1.83,2|2|2|2,
36,-91.25,America/Chicago,AR,2,1.94,2|2|2|2,
36,-91,America/Chicago,AR,2,2.06,2|2|2|2,
36,-90.75,America/Chicago,AR,2,2.31,3|2|2|1,
36,-90.5,America/Chicago,AR,3,2.64,3|3|3|2,
36,-89.75,America/Chicago,AR,4,3.73,4|4|4|4,
36,-89.5,America/Chicago,TN,4,3.93,4|4|4|4,
36,-89.25,America/Chicago,TN,4,4,4|4|4|4,
36,-89,America/Chicago,TN,4,4,4|4|4|4,
36,-88.75,America/Chicago,TN,4,4,4|4|4|4,
36,-88.5,America/Chicago,TN,4,4,4|4|4|4,
36,-88.25,America/Chicago,TN,4,3.94,4|4|4|4,
36,-88,America/Chicago,TN,4,3.88,4|4|4|4,
36,-87.75,America/Chicago,TN,4,3.94,4|4|4|4,
36,-87.5,America/Chicago,TN,4,4,4|4|4|4,
36,-87.25,America/Chicago,TN,4,4,4|4|4|4,
36,-87,America/Chicago,TN,4,4,4|4|4|4,
36,-86.75,America/Chicago,TN,4,4,4|4|4|4,
36,-86.5,America/Chicago,TN,4,4,4|4|4|4,
36,-86.25,America/Chicago,TN,4,4,4|4|4|4,
36,-86,America/Chicago,TN,4,4,4|4|4|4,
36,-85.75,America/Chicago,TN,4,4,4|4|4|4,
36,-85.5,America/Chicago,TN,4,4,4|4|4|4,
36,-85.25,America/Chicago,TN,4,4,4|4|4|4,
36,-85,America/Chicago,TN,4,4,4|4|4|4,
36,-84.75,America/Chicago,TN,4,4,4|4|4|4,
36,-84.5,America/New_York,TN,4,4,4|4|4|4,
36,-84.25,America/New_York,TN,4,4,4|4|4|4,
36,-84,America/New_York,TN,4,4,4|4|4|4,
36,-83.75,America/New_York,TN,4,4,4|4|4|4,
36,-83.5,America/New_York,TN,4,3.94,4|4|4|4,
36,-83.25,America/New_York,TN,4,3.88,4|4|4|4,
36,-83,America/New_York,TN,4,3.94,4|4|4|4,
36,-82.75,America/New_York,NC,4,3.75,3|4|4|4,
36,-82.5,America/New_York,TN,2,3.5,2|2|3|3,
36,-82.25,America/New_York,NC,4,3.75,4|4|4|4,
36,-82,America/New_York,NC,4,4,4|4|4|4,
36,-81.75,America/New_York,NC,4,4,4|4|4|4,
36,-81.5,America/New_York,NC,4,4,4|4|4|4,
36,-81.25,America/New_York,NC,4,4,4|4|4|4,
36,-81,America/New_York,NC,4,4,4|4|4|4,
36,-80.75,America/New_York,NC,4,4,4|4|4|4,
36,-80.5,America/New_York,NC,4,4,4|4|4|4,
36,-80.25,America/New_York,NC,4,4,4|4|4|4,
36,-80,America/New_York,NC,4,4,4|4|4|4,
36,-79.75,America/New_York,NC,4,4,4|4|4|4,
36,-79.5,America/New_York,NC,4,4,4|4|4|4,
36,-79.25,America/New_York,NC,4,4,4|4|4|4,
36,-79,America/New_York,NC,4,4,4|4|4|4,
36,-78.75,America/New_York,NC,4,4,4|4|4|4,
36,-78.5,America/New_York,NC,4,4,4|4|4|4,
36,-78.25,America/New_York,NC,4,4,4|4|4|4,
36,-78,America/New_York,NC,4,4,4|4|4|4,
36,-77.75,America/New_York,NC,4,4,4|4|4|4,
36,-77.5,America/New_York,NC,4,4,4|4|4|4,
36,-77.25,America/New_York,NC,4,4,4|4|4|4,
36,-77,America/New_York,NC,4,4,4|4|4|4,
36,-76.75,America/New_York,NC,4,4,4|4|4|4,
36.25,-91.5,America/Chicago,AR,2,2,2|2|2|2,
36.25,-91.25,America/Chicago,AR,2,2,2|2|2|2,
36.25,-91,America/Chicago,AR,2,2.17,2|2|2|2,
36.25,-90.75,America/Chicago,AR,3,2.58,3|3|3|3,
36.25,-90.5,America/Chicago,AR,3,2.91,3|3|3|3,
36.25,-90.25,America/Chicago,AR,3,3,3|3|3|3,
36.25,-89.5,America/Chicago,TN,4,4,4|4|4|4,
36.25,-89.25,America/Chicago,TN,4,4,4|4|4|4,
36.25,-89,America/Chicago,TN,4,4,4|4|4|4,
36.25,-88.75,America/Chicago,TN,4,4,4|4|4|4,
36.25,-88.5,America/Chicago,TN,4,4,4|4|4|4,
36.25,-88.25,America/Chicago,TN,4,4,4|4|4|4,
36.25,-88,America/Chicago,TN,4,4,4|4|4|4,
36.25,-87.75,America/Chicago,TN,4,4,4|4|4|4,
36.25,-87.5,America/Chicago,TN,4,4,4|4|4|4,
36.25,-87.25,America/Chicago,TN,4,4,4|4|4|4,
36.25,-87,America/Chicago,TN,4,4,4|4|4|4,
36.25,-86.75,America/Chicago,TN,4,4,4|4|4|4,
36.25,-86.5,America/Chicago,TN,4,4,4|4|4|4,
36.25,-86.25,America/Chicago,TN,4,4,4|4|4|4,
36.25,-86,America/Chicago,TN,4,4,4|4|4|4,
36.25,-85.75,America/Chicago,TN,4,4,4|4|4|4,
36.25,-85.5,America/Chicago,TN,4,4,4|4|4|4,
36.25,-85.25,America/Chicago,TN,4,4,4|4|4|4,
36.25,-85,America/Chicago,TN,4,4,4|4|4|4,
36.25,-84.75,America/New_York,TN,4,4,4|4|4|4,
36.25,-84.5,America/New_York,TN,4,4,4|4|4|4,
36.25,-84.25,America/New_York,TN,4,4,3|4|4|4,
36.25,-84,America/New_York,TN,4,4,4|4|4|4,
36.25,-83.75,America/New_York,TN,4,4,4|4|4|4,
36.25,-83.5,America/New_York,TN,4,4,4|4|4|4,
36.25,-83.25,America/New_York,TN,4,4,4|4|4|4,
36.25,-83,America/New_York,TN,4,4,4|4|4|4,
36.25,-82.75,America/New_York,TN,4,3.88,4|4|4|4,
36.25,-82.5,America/New_York,TN,4,3.75,4|4|4|4,
36.25,-82.25,America/New_York,TN,4,3.75,4|4|4|4,
36.25,-82,America/New_York,TN,4,3.69,4|4|4|4,
36.25,-81.75,America/New_York,NC,4,3.75,4|4|4|4,
36.25,-81.5,America/New_York,NC,4,3.94,4|4|4|4,
36.25,-81.25,America/New_York,NC,4,4,4|4|4|4,
36.25,-81,America/New_York,NC,4,4,4|4|4|4,
36.25,-80.75,America/New_York,NC,4,4,4|4|4|4,
36.25,-80.5,America/New_York,NC,4,4,4|4|4|4,
36.25,-80.25,America/New_York,NC,4,4,4|4|4|4,
36.25,-80,America/New_York,NC,4,4,4|4|4|4,
36.25,-79.75,America/New_York,NC,4,4,4|4|4|4,
36.25,-79.5,America/New_York,NC,4,4,4|4|4|4,
36.25,-79.25,America/New_York,NC,4,4,4|4|4|4,
36.25,-79,America/New_York,NC,4,4,4|4|4|4,
36.25,-78.75,America/New_York,NC,4,4,4|4|4|4,
36.25,-78.5,America/New_York,NC,4,4,4|4|4|4,
36.25,-78.25,America/New_York,NC,4,4,4|4|4|4,
36.25,-78,America/New_York,NC,4,4,4|4|4|4,
36.25,-77.75,America/New_York,NC,4,4,4|4|4|4,
36.25,-77.5,America/New_York,NC,4,4,4|4|4|4,
36.25,-77.25,America/New_York,NC,4,4,4|4|4|4,
36.25,-77,America/New_York,NC,4,4,4|4|4|4,
36.25,-76.75,America/New_York,NC,4,4,4|4|4|4,
36.25,-76.5,America/New_York,NC,4,4,4|4|4|4,
36.25,-76.25,America/New_York,NC,4,4,4|4|4|4,
36.25,-76,America/New_York,NC,4,4,4|4|4|4,
36.5,-89.5,America/Chicago,KY,4,4,4|4|4|4,
36.5,-89.25,America/Chicago,TN,4,4,4|4|4|4,
36.5,-89,America/Chicago,TN,4,4,4|4|4|4,
36.5,-88.75,America/Chicago,TN,4,4,4|4|4|4,
36.5,-88.5,America/Chicago,TN,4,4,4|4|4|4,
36.5,-88.25,America/Chicago,KY,4,4,4|4|4|4,
36.5,-88,America/Chicago,TN,4,4,4|4|4|4,
36.5,-87.75,America/Chicago,TN,4,4,4|4|4|4,
36.5,-87.5,America/Chicago,TN,4,4,4|4|4|4,
36.5,-87.25,America/Chicago,TN,4,4,4|4|4|4,
36.5,-87,America/Chicago,TN,4,4,4|4|4|4,
36.5,-86.75,America/Chicago,TN,4,4,4|4|4|4,
36.5,-86.5,America/Chicago,TN,4,4,4|4|4|4,
36.5,-86.25,America/Chicago,TN,4,4,4|4|4|4,
36.5,-86,America/Chicago,TN,4,4,4|4|4|4,
36.5,-85.75,America/Chicago,TN,4,4,4|4|4|4,
36.5,-85.5,America/Chicago,TN,4,4,4|4|4|4,
36.5,-85.25,America/Chicago,TN,4,4,4|4|4|4,
36.5,-85,America/Chicago,TN,4,4,4|4|4|4,
36.5,-84.75,America/Chicago,TN,4,4,4|4|4|4,
36.5,-84.5,America/New_York,TN,4,4,4|4|4|4,
36.5,-84.25,America/New_York,TN,4,4,4|4|4|4,
36.5,-84,America/New_York,TN,4,4,4|4|4|4,
36.5,-83.75,America/New_York,TN,4,4,4|4|4|4,
36.5,-83.5,America/New_York,TN,4,4,4|4|4|4,
36.5,-83.25,America/New_York,TN,4,4,4|4|4|4,
36.5,-83,America/New_York,TN,4,4,4|4|4|4,
36.5,-82.75,America/New_York,TN,4,4,4|4|4|4,
36.5,-82.5,America/New_York,TN,4,4,4|4|4|4,
36.5,-82.25,America/New_York,TN,4,3.75,4|4|4|4,
36.5,-82,America/New_York,TN,2,3.38,2|2|3|3,
36.5,-81.75,America/New_York,TN,3,3.5,2|3|4|4,
36.5,-81.5,America/New_York,NC,4,3.88,4|4|4|4,
36.5,-81.25,America/New_York,NC,4,4,4|4|4|4,
36.5,-81,America/New_York,NC,4,4,4|4|4|4,
36.5,-80.75,America/New_York,NC,4,4,4|4|4|4,
36.5,-80.5,America/New_York,NC,4,4,4|4|4|4,
36.5,-80.25,America/New_York,NC,4,4,4|4|4|4,
36.5,-80,America/New_York,NC,4,4,4|4|4|4,
36.5,-79.75,America/New_York,NC,4,4,4|4|4|4,
36.5,-79.5,America/New_York,NC,4,4,4|4|4|4,
36.5,-79.25,America/New_York,NC,4,4,4|4|4|4,
36.5,-79,America/New_York,NC,4,4,4|4|4|4,
36.5,-78.75,America/New_York,NC,4,4,4|4|4|4,
36.5,-78.5,America/New_York,NC,4,4,4|4|4|4,
36.5,-78.25,America/New_York,NC,4,4,4|4|4|4,
36.5,-78,America/New_York,NC,4,4,4|4|4|4,
36.5,-77.75,America/New_York,NC,4,4,4|4|4|4,
36.5,-77.5,America/New_York,NC,4,4,4|4|4|4,
36.5,-77.25,America/New_York,NC,4,4,4|4|4|4,
36.5,-77,America/New_York,NC,4,4,4|4|4|4,
36.5,-76.75,America/New_York,NC,4,4,4|4|4|4,
36.5,-76.5,America/New_York,NC,4,4,4|4|4|4,
36.5,-76.25,America/New_York,NC,4,4,4|4|4|4,
36.75,-89,America/Chicago,KY,4,4,4|4|4|4,
36.75,-88.75,America/Chicago,KY,4,4,4|4|4|4,
36.75,-88.5,America/Chicago,KY,4,4,4|4|4|4,
36.75,-88.25,America/Chicago,KY,4,4,4|4|4|4,
36.75,-88,America/Chicago,KY,4,4,4|4|4|4,
36.75,-87.75,America/Chicago,KY,4,4,4|4|4|4,
36.75,-87.5,America/Chicago,KY,4,4,4|4|4|4,
36.75,-87.25,America/Chicago,KY,4,4,4|4|4|4,
36.75,-87,America/Chicago,KY,4,4,4|4|4|4,
36.75,-86.75,America/Chicago,KY,4,4,4|4|4|4,
36.75,-86.5,America/Chicago,KY,4,4,4|4|4|4,
36.75,-86.25,America/Chicago,KY,4,4,4|4|4|4,
36.75,-86,America/Chicago,KY,4,4,4|4|4|4,
36.75,-85.75,America/Chicago,KY,4,4,4|4|4|4,
36.75,-85.5,America/Chicago,KY,4,4,4|4|4|4,
36.75,-85.25,America/Chicago,KY,4,4,4|4|4|4,
36.75,-85,America/Kentucky/Monticello,KY,4,4,4|4|4|4,
36.75,-84.75,America/Kentucky/Monticello,KY,4,4,4|4|4|4,
36.75,-84.5,America/New_York,KY,4,4,4|4|4|4,
36.75,-84.25,America/New_York,KY,4,4,4|4|4|4,
36.75,-84,America/New_York,KY,4,4,4|4|4|4,
36.75,-83.75,America/New_York,KY,4,4,4|4|4|4,
36.75,-83.5,America/New_York,KY,4,4,4|4|4|4,
36.75,-83.25,America/New_York,KY,4,4,4|4|4|4,
36.75,-83,America/New_York,VA,4,4,4|4|4|4,
36.75,-82.75,America/New_York,VA,4,4,3|4|4|4,
36.75,-82.5,America/New_York,VA,4,3.94,4|4|4|4,
36.75,-82.25,America/New_York,VA,4,3.75,3|4|4|4,
36.75,-82,America/New_York,VA,4,3.5,4|4|4|4,
36.75,-81.75,America/New_York,VA,4,3.44,4|4|4|4,
36.75,-81.5,America/New_York,VA,4,3.69,3|4|4|4,
36.75,-81.25,America/New_York,VA,4,3.94,3|4|4|4,
36.75,-81,America/New_York,VA,4,4,4|4|4|4,
36.75,-80.75,America/New_York,VA,4,4,4|4|4|4,
36.75,-80.5,America/New_York,VA,4,4,4|4|4|4,
36.75,-80.25,America/New_York,VA,4,4,4|4|4|4,
36.75,-80,America/New_York,VA,4,4,4|4|4|4,
36.75,-79.75,America/New_York,VA,4,4,4|4|4|4,
36.75,-79.5,America/New_York,VA,4,4,4|4|4|4,
36.75,-79.25,America/New_York,VA,4,4,4|4|4|4,
36.75,-79,America/New_York,VA,4,4,4|4|4|4,
36.75,-78.75,America/New_York,VA,4,4,4|4|4|4,
36.75,-78.5,America/New_York,VA,4,4,4|4|4|4,
36.75,-78.25,America/New_York,VA,4,4,4|4|4|4,
36.75,-78,America/New_York,VA,4,4,4|4|4|4,
36.75,-77.75,America/New_York,VA,4,4,4|4|4|4,
36.75,-77.5,America/New_York,VA,4,4,4|4|4|4,
36.75,-77.25,America/New_York,VA,4,4,4|4|4|4,
36.75,-77,America/New_York,VA,4,4,4|4|4|4,
36.75,-76.75,America/New_York,VA,4,4,4|4|4|4,
36.75,-76.5,America/New_York,VA,4,4,4|4|4|4,
36.75,-76.25,America/New_York,VA,4,4,4|4|4|4,
36.75,-76,America/New_York,VA,4,4,4|4|4|4,slight chance · rain · light · none / slight chance · rain · light · none
37,-89,America/Chicago,KY,4,4,4|4|4|4,
37,-88.75,America/Chicago,KY,4,4,4|4|4|4,
37,-88.5,America/Chicago,KY,4,4,4|4|4|4,
37,-88.25,America/Chicago,KY,4,4,4|4|4|4,
37,-88,America/Chicago,KY,4,4,4|4|4|4,
37,-87.75,America/Chicago,KY,4,4,4|4|4|4,
37,-87.5,America/Chicago,KY,4,4,4|4|4|4,
37,-87.25,America/Chicago,KY,4,4,4|4|4|4,
37,-87,America/Chicago,KY,4,4,4|4|4|4,
37,-86.75,America/Chicago,KY,4,4,4|4|4|4,
37,-86.5,America/Chicago,KY,4,4,4|4|4|4,
37,-86.25,America/Chicago,KY,4,4,4|4|4|4,
37,-86,America/Chicago,KY,4,4,4|4|4|4,
37,-85.75,America/Chicago,KY,4,4,4|4|4|4,
37,-85.5,America/Chicago,KY,4,4,4|4|4|4,
37,-85.25,America/Chicago,KY,4,4,4|4|4|4,
37,-85,America/Chicago,KY,4,4,4|4|4|4,
37,-84.75,America/Kentucky/Monticello,KY,4,4,4|4|4|4,
37,-84.5,America/New_York,KY,4,4,4|4|4|4,
37,-84.25,America/New_York,KY,4,4,4|4|4|4,
37,-84,America/New_York,KY,4,4,4|4|4|4,
37,-83.75,America/New_York,KY,4,4,4|4|4|4,
37,-83.5,America/New_York,KY,4,4,4|4|4|4,
37,-83.25,America/New_York,KY,4,4,4|4|4|4,
37,-83,America/New_York,KY,4,4,3|4|4|4,
37,-82.75,America/New_York,VA,4,4,3|4|4|4,
37,-82.5,America/New_York,VA,4,3.88,3|4|4|4,
37,-82.25,America/New_York,VA,3,3.75,2|3|4|4,
37,-82,America/New_York,VA,4,3.56,3|4|4|4,
37,-81.75,America/New_York,VA,2,3.25,1|2|2|3,
37,-81.5,America/New_York,VA,3,3.44,2|3|4|4,
37,-81.25,America/New_York,VA,4,3.88,3|4|4|4,
37,-81,America/New_York,VA,4,4,4|4|4|4,
37,-80.75,America/New_York,VA,4,4,4|4|4|4,
37,-80.5,America/New_York,VA,4,4,4|4|4|4,
37,-80.25,America/New_York,VA,4,4,4|4|4|4,
37,-80,America/New_York,VA,4,4,4|4|4|4,
37,-79.75,America/New_York,VA,4,4,4|4|4|4,
37,-79.5,America/New_York,VA,4,4,4|4|4|4,
37,-79.25,America/New_York,VA,4,4,4|4|4|4,
37,-79,America/New_York,VA,4,4,4|4|4|4,
37,-78.75,America/New_York,VA,4,4,4|4|4|4,
37,-78.5,America/New_York,VA,4,4,4|4|4|4,
37,-78.25,America/New_York,VA,4,4,4|4|4|4,
37,-78,America/New_York,VA,4,4,4|4|4|4,
37,-77.75,America/New_York,VA,4,4,4|4|4|4,
37,-77.5,America/New_York,VA,4,4,4|4|4|4,
37,-77.25,America/New_York,VA,4,4,4|4|4|4,
37,-77,America/New_York,VA,4,4,4|4|4|4,
37,-76.75,America/New_York,VA,4,4,4|4|4|4,
37.25,-88.25,America/Chicago,KY,4,4,4|4|4|4,
37.25,-88,America/Chicago,KY,4,4,4|4|4|4,
37.25,-87.75,America/Chicago,KY,4,4,4|4|4|4,
37.25,-87.5,America/Chicago,KY,4,4,4|4|4|4,
37.25,-87.25,America/Chicago,KY,4,4,4|4|4|4,
37.25,-87,America/Chicago,KY,4,4,4|4|4|4,
37.25,-86.75,America/Chicago,KY,4,4,4|4|4|4,
37.25,-86.5,America/Chicago,KY,4,4,4|4|4|4,
37.25,-86.25,America/Chicago,KY,4,4,4|4|4|4,
37.25,-86,America/Chicago,KY,4,4,4|4|4|4,
37.25,-85.75,America/Chicago,KY,4,4,4|4|4|4,
37.25,-85.5,America/Chicago,KY,4,4,4|4|4|4,
37.25,-85.25,America/Chicago,KY,4,4,4|4|4|4,
37.25,-85,America/New_York,KY,4,4,4|4|4|4,
37.25,-84.75,America/New_York,KY,4,4,4|4|4|4,
37.25,-84.5,America/New_York,KY,4,4,4|4|4|4,
37.25,-84.25,America/New_York,KY,4,4,4|4|4|4,
37.25,-84,America/New_York,KY,4,4,4|4|4|4,
37.25,-83.75,America/New_York,KY,4,4,4|4|4|4,
37.25,-83.5,America/New_York,KY,4,4,4|4|4|4,
37.25,-83.25,America/New_York,KY,4,4,4|4|4|4,
37.25,-83,America/New_York,KY,4,4,4|4|4|4,
37.25,-82.75,America/New_York,KY,4,4,3|4|4|4,
37.25,-82.5,America/New_York,KY,4,3.94,3|4|4|4,
37.25,-82.25,America/New_York,VA,4,3.88,4|4|4|4,
37.25,-82,America/New_York,VA,4,3.69,4|4|4|4,
37.25,-81.75,America/New_York,VA,3,3.44,2|3|4|4,
37.25,-81.5,America/New_York,VA,4,3.56,2|4|4|4,
37.25,-81.25,America/New_York,VA,4,3.81,3|4|4|4,
37.25,-81,America/New_York,VA,4,3.94,4|4|4|4,
37.25,-80.75,America/New_York,VA,4,4,4|4|4|4,
37.25,-80.5,America/New_York,VA,4,4,4|4|4|4,
37.25,-80.25,America/New_York,VA,4,4,4|4|4|4,
37.25,-80,America/New_York,VA,4,4,4|4|4|4,
37.25,-79.75,America/New_York,VA,4,3.94,4|4|4|4,
37.25,-79.5,America/New_York,VA,4,3.88,4|4|4|4,
37.25,-79.25,America/New_York,VA,4,3.94,4|4|4|4,
37.25,-79,America/New_York,VA,4,4,4|4|4|4,
37.25,-78.75,America/New_York,VA,4,4,4|4|4|4,
37.25,-78.5,America/New_York,VA,4,4,4|4|4|4,
37.25,-78.25,America/New_York,VA,4,4,4|4|4|4,
37.25,-78,America/New_York,VA,4,4,4|4|4|4,
37.25,-77.75,America/New_York,VA,4,4,4|4|4|4,
37.25,-77.5,America/New_York,VA,4,4,4|4|4|4,
37.25,-77.25,America/New_York,VA,4,4,4|4|4|4,
37.25,-77,America/New_York,VA,4,4,4|4|4|4,
37.25,-76.75,America/New_York,VA,4,4,4|4|4|4,
37.25,-76.5,America/New_York,VA,4,4,4|4|4|4,
37.25,-76,America/New_York,VA,2,1.6,2|2|2|2,slight chance · rain · light · none / slight chance · rain · light · none / chance · rain · light · none / chance · rain · light · none
37.5,-88,America/Chicago,KY,4,4,4|4|4|4,
37.5,-87.75,America/Chicago,KY,4,4,4|4|4|4,
37.5,-87.5,America/Chicago,KY,4,4,4|4|4|4,
37.5,-87.25,America/Chicago,KY,4,4,4|4|4|4,
37.5,-87,America/Chicago,KY,4,4,4|4|4|4,
37.5,-86.75,America/Chicago,KY,4,4,4|4|4|4,
37.5,-86.5,America/Chicago,KY,4,4,4|4|4|4,
37.5,-86.25,America/Chicago,KY,4,4,4|4|4|4,
37.5,-86,America/New_York,KY,4,4,4|4|4|4,
37.5,-85.75,America/New_York,KY,4,4,4|4|4|4,
37.5,-85.5,America/New_York,KY,4,4,4|4|4|4,
37.5,-85.25,America/New_York,KY,4,4,4|4|4|4,
37.5,-85,America/New_York,KY,4,4,4|4|4|4,
37.5,-84.75,America/New_York,KY,4,4,4|4|4|4,
37.5,-84.5,America/New_York,KY,4,4,4|4|4|4,
37.5,-84.25,America/New_York,KY,4,4,4|4|4|4,
37.5,-84,America/New_York,KY,4,4,4|4|4|4,
37.5,-83.75,America/New_York,KY,4,4,4|4|4|4,
37.5,-83.5,America/New_York,KY,4,4,4|4|4|4,
37.5,-83.25,America/New_York,KY,4,4,4|4|4|4,
37.5,-83,America/New_York,KY,4,4,3|4|4|4,
37.5,-82.75,America/New_York,KY,4,4,3|4|4|4,
37.5,-82.5,America/New_York,KY,4,4,4|4|4|4,
37.5,-82.25,America/New_York,KY,4,4,3|4|4|4,
37.5,-82,America/New_York,VA,4,3.88,4|4|4|4,
37.5,-81.75,America/New_York,WV,4,3.69,3|4|4|4,
37.5,-81.5,America/New_York,WV,4,3.56,3|4|4|4,
37.5,-81.25,America/New_York,WV,3,3.5,2|3|4|4,
37.5,-81,America/New_York,WV,4,3.69,3|4|4|4,
37.5,-80.75,America/New_York,WV,4,3.94,4|4|4|4,
37.5,-80.5,America/New_York,WV,4,4,4|4|4|4,
37.5,-80.25,America/New_York,VA,4,4,4|4|4|4,
37.5,-80,America/New_York,VA,4,4,4|4|4|4,
37.5,-79.75,America/New_York,VA,4,3.88,4|4|4|3,
37.5,-79.5,America/New_York,VA,3,3.75,3|3|4|4,
37.5,-79.25,America/New_York,VA,4,3.88,4|4|4|4,
37.5,-79,America/New_York,VA,4,4,4|4|4|4,
37.5,-78.75,America/New_York,VA,4,4,4|4|4|4,
37.5,-78.5,America/New_York,VA,4,4,4|4|4|4,
37.5,-78.25,America/New_York,VA,4,4,4|4|4|4,
37.5,-78,America/New_York,VA,4,4,4|4|4|4,
37.5,-77.75,America/New_York,VA,4,4,4|4|4|4,
37.5,-77.5,America/New_York,VA,4,4,4|4|4|4,
37.5,-77.25,America/New_York,VA,4,4,4|4|4|4,
37.5,-77,America/New_York,VA,4,4,4|4|4|4,
37.5,-76.75,America/New_York,VA,4,3.88,4|4|4|4,
37.5,-76.5,America/New_York,VA,4,3.67,4|4|4|4,slight chance · rain · light · none / slight chance · rain · light · none
37.5,-75.75,America/New_York,VA,0,0.57,0|0|0|0,chance · rain · light · none / chance · rain · light · none / chance · rain · light · none / chance · rain · light · none
37.75,-88,America/Chicago,KY,4,4,4|4|4|4,
37.75,-87.75,America/Chicago,KY,4,4,4|4|4|4,
37.75,-87.5,America/Chicago,KY,4,4,4|4|4|4,
37.75,-87.25,America/Chicago,KY,4,4,4|4|4|4,
37.75,-87,America/Chicago,KY,4,4,4|4|4|4,
37.75,-86.75,America/Chicago,KY,4,4,4|4|4|4,
37.75,-86.5,America/Chicago,KY,4,4,4|4|4|4,
37.75,-86.25,America/Chicago,KY,4,4,4|4|4|4,
37.75,-86,America/New_York,KY,4,4,4|4|4|4,
37.75,-85.75,America/New_York,KY,4,4,4|4|4|4,
37.75,-85.5,America/New_York,KY,4,4,4|4|4|4,
37.75,-85.25,America/New_York,KY,4,4,4|4|4|4,
37.75,-85,America/New_York,KY,4,4,4|4|4|4,
37.75,-84.75,America/New_York,KY,4,4,4|4|4|4,
37.75,-84.5,America/New_York,KY,4,4,4|4|4|4,
37.75,-84.25,America/New_York,KY,4,4,4|4|4|4,
37.75,-84,America/New_York,KY,4,4,4|4|4|4,
37.75,-83.75,America/New_York,KY,4,4,4|4|4|4,
37.75,-83.5,America/New_York,KY,4,4,3|4|4|4,
37.75,-83.25,America/New_York,KY,4,4,3|4|4|4,
37.75,-83,America/New_York,KY,4,4,2|4|4|4,
37.75,-82.75,America/New_York,KY,4,4,3|4|4|4,
37.75,-82.5,America/New_York,KY,4,4,3|4|4|4,
37.75,-82.25,America/New_York,WV,4,3.94,3|4|4|4,
37.75,-82,America/New_York,WV,4,3.75,3|4|4|4,
37.75,-81.75,America/New_York,WV,3,3.5,2|3|3|4,
37.75,-81.5,America/New_York,WV,3,3.25,2|3|3|3,
37.75,-81.25,America/New_York,WV,3,3.19,3|3|4|4,
37.75,-81,America/New_York,WV,3,3.44,3|3|4|4,
37.75,-80.75,America/New_York,WV,4,3.75,3|4|4|4,
37.75,-80.5,America/New_York,WV,4,3.94,4|4|4|4,
37.75,-80.25,America/New_York,VA,4,4,4|4|4|4,
37.75,-80,America/New_York,VA,4,4,4|4|4|4,
37.75,-79.75,America/New_York,VA,4,3.94,4|4|4|4,
37.75,-79.5,America/New_York,VA,4,3.88,4|4|4|4,
37.75,-79.25,America/New_York,VA,4,3.94,3|4|4|4,
37.75,-79,America/New_York,VA,4,4,4|4|4|4,
37.75,-78.75,America/New_York,VA,4,4,4|4|4|4,
37.75,-78.5,America/New_York,VA,4,4,4|4|4|4,
37.75,-78.25,America/New_York,VA,4,4,4|4|4|4,
37.75,-78,America/New_York,VA,4,4,4|4|4|4,
37.75,-77.75,America/New_York,VA,4,4,4|4|4|4,
37.75,-77.5,America/New_York,VA,4,4,4|4|4|4,
37.75,-77.25,America/New_York,VA,4,4,4|4|4|4,
37.75,-77,America/New_York,VA,4,3.88,4|4|4|4,
37.75,-76.75,America/New_York,VA,4,3.38,4|4|4|4,slight chance · rain · light · none / slight chance · rain · light · none
37.75,-76.5,America/New_York,VA,2,2.83,4|4|4|4,slight chance · rain · light · none / slight chance · rain · light · none / chance · rain · light · none / chance · rain · light · none
37.75,-75.75,America/New_York,VA,1,0.8,1|1|2|1,chance · rain · light · none / chance · rain · light · none / chance · rain · light · none / chance · rain · light · none
38,-86.5,America/Chicago,KY,4,4,4|4|4|4,
38,-86.25,America/Indiana/Marengo,KY,4,4,4|4|4|4,
38,-85.75,America/New_York,KY,4,4,4|4|4|4,
38,-85.5,America/New_York,KY,4,4,4|4|4|4,
38,-85.25,America/New_York,KY,4,4,4|4|4|4,
38,-85,America/New_York,KY,4,4,4|4|4|4,
38,-84.75,America/New_York,KY,4,4,4|4|4|4,
38,-84.5,America/New_York,KY,4,4,4|4|4|4,
38,-84.25,America/New_York,KY,4,4,4|4|4|4,
38,-84,America/New_York,KY,4,4,4|4|4|4,
38,-83.75,America/New_York,KY,4,4,3|4|4|4,
38,-83.5,America/New_York,KY,4,4,4|4|4|4,
38,-83.25,America/New_York,KY,4,4,4|4|4|4,
38,-83,America/New_York,KY,4,4,3|4|4|4,
38,-82.75,America/New_York,KY,4,4,3|4|4|4,
38,-82.5,America/New_York,WV,4,4,3|4|4|4,
38,-82.25,America/New_York,WV,4,3.88,3|4|4|4,
38,-82,America/New_York,WV,3,3.69,2|3|4|4,
38,-81.75,America/New_York,WV,4,3.56,4|4|4|4,
38,-81.5,America/New_York,WV,3,3.38,3|3|4|4,
38,-81.25,America/New_York,WV,3,3.38,2|3|4|4,
38,-81,America/New_York,WV,4,3.56,3|4|4|4,
38,-80.75,America/New_York,WV,3,3.69,2|3|4|4,
38,-80.5,America/New_York,WV,4,3.81,4|4|4|4,
38,-80.25,America/New_York,WV,4,3.88,4|4|4|4,
38,-80,America/New_York,WV,4,3.94,4|4|4|4,
38,-79.75,America/New_York,VA,4,4,4|4|4|4,
38,-79.5,America/New_York,VA,4,4,4|4|4|4,
38,-79.25,America/New_York,VA,4,4,4|4|4|4,
38,-79,America/New_York,VA,4,4,4|4|4|4,
38,-78.75,America/New_York,VA,4,4,4|4|4|4,
38,-78.5,America/New_York,VA,4,4,4|4|4|4,
38,-78.25,America/New_York,VA,4,4,4|4|4|4,
38,-78,America/New_York,VA,4,4,4|4|4|4,
38,-77.75,America/New_York,VA,4,4,4|4|4|4,
38,-77.5,America/New_York,VA,4,4,4|4|4|4,
38,-77.25,America/New_York,VA,4,4,4|4|4|4,slight chance · rain · light · none / slight chance · rain · light · none
38,-77,America/New_York,VA,4,3.63,4|4|4|4,slight chance · rain · light · none / slight chance · rain · light · none
38,-76.75,America/New_York,VA,2,2.75,4|4|4|4,slight chance · rain · light · none / slight chance · rain · light · none / chance · rain · light · none / chance · rain · light · none
38,-76.5,America/New_York,VA,2,2.17,4|4|4|4,slight chance · rain · light · none / slight chance · rain · light · none / chance · rain · light · none / chance · rain · light · none
38,-76,America/New_York,MD,0,0.75,1|0|0|1,chance · rain · light · none / chance · rain · light · none / chance · rain · light · none / chance · rain · light · none
38,-75.75,America/New_York,MD,2,1,2|2|2|1,chance · rain · light · none / chance · rain · light · none / chance · rain · light · none / chance · rain · light · none
38,-75.5,America/New_York,VA,0,0.73,0|0|2|1,chance · rain · light · none / chance · rain · light · none / chance · rain · light · none / chance · rain · light · none
38.25,-85.75,America/Kentucky/Louisville,KY,4,4,4|4|4|4,
38.25,-85.5,America/Kentucky/Louisville,KY,4,4,4|4|4|4,
38.25,-85.25,America/New_York,KY,4,4,4|4|4|4,
38.25,-85,America/New_York,KY,4,4,4|4|4|4,
38.25,-84.75,America/New_York,KY,4,4,4|4|4|4,
38.25,-84.5,America/New_York,KY,4,4,4|4|4|4,
38.25,-84.25,America/New_York,KY,4,4,4|4|4|4,
38.25,-84,America/New_York,KY,4,4,4|4|4|4,
38.25,-83.75,America/New_York,KY,4,4,4|4|4|4,
38.25,-83.5,America/New_York,KY,4,4,4|4|4|4,
38.25,-83.25,America/New_York,KY,4,4,3|4|4|4,
38.25,-83,America/New_York,KY,4,4,4|4|4|4,
38.25,-82.75,America/New_York,KY,4,4,4|4|4|4,
38.25,-82.5,America/New_York,WV,4,4,3|4|4|4,
38.25,-82.25,America/New_York,WV,4,3.93,3|4|4|4,
38.25,-82,America/New_York,WV,4,3.88,3|4|4|4,
38.25,-81.75,America/New_York,WV,4,3.88,3|4|4|4,
38.25,-81.5,America/New_York,WV,4,3.81,3|4|4|4,
38.25,-81.25,America/New_York,WV,4,3.81,3|4|4|4,
38.25,-81,America/New_York,WV,4,3.88,3|4|4|4,
38.25,-80.75,America/New_York,WV,4,3.88,3|4|4|4,
38.25,-80.5,America/New_York,WV,4,3.81,3|4|4|4,
38.25,-80.25,America/New_York,WV,3,3.69,2|3|3|3,
38.25,-80,America/New_York,WV,4,3.69,4|4|4|4,
38.25,-79.75,America/New_York,VA,4,3.81,4|4|4|4,
38.25,-79.5,America/New_York,VA,4,3.88,4|4|4|4,
38.25,-79.25,America/New_York,VA,4,3.88,4|4|4|4,
38.25,-79,America/New_York,VA,4,3.94,4|4|4|4,
38.25,-78.75,America/New_York,VA,4,3.94,3|4|4|4,
38.25,-78.5,America/New_York,VA,4,3.88,4|4|4|4,
38.25,-78.25,America/New_York,VA,4,3.94,4|4|4|4,
38.25,-78,America/New_York,VA,4,4,4|4|4|4,
38.25,-77.75,America/New_York,VA,4,4,4|4|4|4,slight chance · rain · light · none
38.25,-77.5,America/New_York,VA,4,4,4|4|4|4,slight chance · rain · light · none / slight chance · rain · light · none
38.25,-77.25,America/New_York,VA,4,3.88,4|4|4|4,slight chance · rain · light · none / slight chance · rain · light · none
38.25,-77,America/New_York,VA,4,3.25,4|4|4|4,slight chance · rain · light · none / slight chance · rain · light · none
38.25,-76.75,America/New_York,MD,2,2.4,4|4|4|4,chance · rain · light · none / chance · rain · light · none / chance · rain · light · none / chance · rain · light · none
38.25,-76.5,America/New_York,MD,2,1.91,3|3|3|3,chance · rain · light · none / chance · rain · light · none / slight chance · rain · light · none / chance · rain · light · none
38.25,-75.75,America/New_York,MD,1,1,1|0|1|1,chance · rain · light · none / chance · rain · light · none / chance · rain · light · none / chance · rain · light · none
38.25,-75.5,America/New_York,MD,1,0.75,1|1|1|1,chance · rain · light · none / chance · rain · light · none / chance · rain · light · none / chance · rain · light · none
38.25,-75.25,America/New_York,MD,0,0.29,0|0|0|0,chance · rain · light · none / chance · rain · light · none / chance · rain · light · none / chance · rain · light · none
38.5,-85.25,America/New_York,KY,4,4,4|4|4|4,
38.5,-85,America/New_York,KY,4,4,4|4|4|4,
38.5,-84.75,America/New_York,KY,4,4,4|4|4|4,
38.5,-84.5,America/New_York,KY,4,4,4|4|4|4,
38.5,-84.25,America/New_York,KY,4,4,4|4|4|4,
38.5,-84,America/New_York,KY,4,4,4|4|4|4,
38.5,-83.75,America/New_York,KY,4,4,4|4|4|4,
38.5,-83.5,America/New_York,KY,4,4,4|4|4|4,
38.5,-83.25,America/New_York,KY,4,4,4|4|4|4,
38.5,-83,America/New_York,KY,4,4,4|4|4|4,
38.5,-82.75,America/New_York,KY,4,4,4|4|4|4,
38.5,-82.25,America/New_York,WV,4,4,4|4|4|4,
38.5,-82,America/New_York,WV,4,4,4|4|4|4,
38.5,-81.75,America/New_York,WV,4,4,3|4|4|4,
38.5,-81.5,America/New_York,WV,4,4,3|4|4|4,
38.5,-81.25,America/New_York,WV,4,4,3|4|4|4,
38.5,-81,America/New_York,WV,4,4,3|4|4|4,
38.5,-80.75,America/New_York,WV,4,4,3|4|4|4,
38.5,-80.5,America/New_York,WV,4,3.88,3|4|4|4,
38.5,-80.25,America/New_York,WV,4,3.63,3|4|4|4,
38.5,-80,America/New_York,WV,3,3.38,3|3|3|3,
38.5,-79.75,America/New_York,WV,3,3.19,3|3|4|3,
38.5,-79.5,America/New_York,WV,4,3.25,3|4|4|4,
38.5,-79.25,America/New_York,WV,3,3.56,2|3|4|3,
38.5,-79,America/New_York,VA,4,3.88,4|4|4|4,
38.5,-78.75,America/New_York,VA,4,3.88,4|4|4|4,
38.5,-78.5,America/New_York,VA,3,3.75,3|2|4|4,
38.5,-78.25,America/New_York,VA,4,3.88,4|4|4|4,
38.5,-78,America/New_York,VA,4,4,4|4|4|4,
38.5,-77.75,America/New_York,VA,4,4,4|4|4|4,slight chance · rain · light · none
38.5,-77.5,America/New_York,VA,4,4,4|4|4|4,chance · rain · light · none
38.5,-77.25,America/New_York,MD,4,3.63,4|4|4|4,slight chance · rain · light · none / slight chance · rain · light · none / chance · rain · moderate · none / slight chance · rain · light · none
38.5,-77,America/New_York,MD,2,2.75,4|4|4|4,slight chance · rain · light · none / slight chance · rain · light · none / chance · rain · light · none / chance · rain · light · none
38.5,-76.75,America/New_York,MD,2,2.15,3|4|4|4,chance · rain · light · none / slight chance · rain · light · none / chance · rain · light · none / chance · rain · light · none
38.5,-76.25,America/New_York,MD,1,1,1|2|1|2,chance · rain · light · none / chance · rain · moderate · none / slight chance · rain · light · none / chance · rain · light · none
38.5,-76,America/New_York,MD,1,1,1|1|2|2,chance · rain · light · none / chance · rain · light · none / chance · rain · light · none / chance · rain · light · none
38.5,-75.75,America/New_York,MD,1,0.92,1|1|1|1,chance · rain · light · none / chance · rain · light · none / chance · rain · light · none / chance · rain · light · none
38.75,-85,America/New_York,KY,4,4,4|4|4|4,
38.75,-84.75,America/New_York,KY,4,4,4|4|4|4,
38.75,-84.5,America/New_York,KY,4,4,4|4|4|4,
38.75,-84.25,America/New_York,KY,4,4,4|4|4|4,
38.75,-84,America/New_York,KY,4,4,4|4|4|4,
38.75,-82,America/New_York,WV,4,4,3|4|4|4,
38.75,-81.75,America/New_York,WV,4,4,4|4|4|4,
38.75,-81.5,America/New_York,WV,4,4,3|4|4|4,
38.75,-81.25,America/New_York,WV,4,4,3|4|4|4,
38.75,-81,America/New_York,WV,4,4,3|4|4|4,
38.75,-80.75,America/New_York,WV,4,4,3|4|4|4,
38.75,-80.5,America/New_York,WV,4,3.88,3|4|4|4,
38.75,-80.25,America/New_York,WV,3,3.63,3|3|4|4,
38.75,-80,America/New_York,WV,4,3.31,3|4|4|4,
38.75,-79.75,America/New_York,WV,2,2.88,2|2|2|2,
38.75,-79.5,America/New_York,WV,1,2.88,1|1|0|1,
38.75,-79.25,America/New_York,WV,4,3.5,3|4|4|4,
38.75,-79,America/New_York,VA,4,3.94,4|4|4|4,
38.75,-78.75,America/New_York,VA,4,3.94,4|4|4|4,
38.75,-78.5,America/New_York,VA,4,3.88,4|4|4|4,
38.75,-78.25,America/New_York,VA,4,3.88,3|4|4|4,
38.75,-78,America/New_York,VA,4,3.88,4|4|4|4,
38.75,-77.75,America/New_York,VA,4,3.94,4|4|4|4,
38.75,-77.5,America/New_York,VA,4,4,4|4|4|4,slight chance · rain · light · none / slight chance · rain · light · none / slight chance · rain · light · none
38.75,-77.25,America/New_York,VA,4,3.63,4|4|4|4,slight chance · rain · light · none / slight chance · rain · light · none / chance · rain · light · none
38.75,-77,America/New_York,MD,2,2.75,4|4|4|4,chance · rain · light · none / slight chance · rain · light · none / chance · rain · light · none / slight chance · rain · light · none
38.75,-76.75,America/New_York,MD,2,2.15,4|2|4|2,chance · rain · light · none / chance · rain · light · none / chance · rain · light · none / slight chance · rain · light · none
38.75,-76.25,America/New_York,MD,0,0.82,1|0|2|0,slight chance · rain · light · none / chance · rain · moderate · none / chance · rain · light · none / chance · rain · light · none
38.75,-76,America/New_York,MD,2,0.8,3|3|3|2,chance · rain · light · none / chance · rain · moderate · none / chance · rain · light · none / chance · rain · light · none
38.75,-75.75,America/New_York,MD,0,0.58,1|1|1|1,likely · rain · moderate · none / likely · rain · moderate · none / chance · rain · light · none / chance · rain · light · none
39,-84.75,America/New_York,KY,4,4,4|4|4|4,
39,-84.5,America/New_York,KY,4,4,3|4|4|4,
39,-82,America/New_York,WV,4,4,4|4|4|4,
39,-81.75,America/New_York,WV,4,4,4|4|4|4,
39,-81.5,America/New_York,WV,4,4,3|4|4|4,
39,-81.25,America/New_York,WV,4,4,3|4|4|4,
39,-81,America/New_York,WV,4,4,3|4|4|4,
39,-80.75,America/New_York,WV,4,4,3|4|4|4,
39,-80.5,America/New_York,WV,4,3.94,3|4|4|4,
39,-80.25,America/New_York,WV,4,3.75,3|4|4|4,
39,-80,America/New_York,WV,3,3.56,3|3|4|4,
39,-79.75,America/New_York,WV,4,3.38,3|4|4|4,
39,-79.5,America/New_York,WV,4,3.31,4|4|4|4,
39,-79.25,America/New_York,WV,4,3.63,4|4|4|4,
39,-79,America/New_York,WV,4,3.94,4|4|4|4,
39,-78.75,America/New_York,WV,4,4,4|4|4|4,
39,-78.5,America/New_York,VA,4,4,4|4|4|4,
39,-78.25,America/New_York,VA,4,3.88,4|4|4|4,
39,-78,America/New_York,VA,3,3.75,3|3|4|4,slight chance · rain · light · none / slight chance · rain · light · none
39,-77.75,America/New_York,VA,4,3.88,4|4|4|4,slight chance · rain · light · none / slight chance · rain · light · none
39,-77.5,America/New_York,VA,4,3.88,4|4|4|4,slight chance · rain · light · none / slight chance · rain · light · none
39,-77.25,America/New_York,MD,4,3.56,4|4|4|4,slight chance · rain · light · none / slight chance · rain · light · none
39,-77,America/New_York,MD,4,3,4|4|4|2,slight chance · rain · light · none / slight chance · rain · light · none / slight chance · rain · light · none
39,-76.75,America/New_York,MD,2,2.33,4|4|4|4,slight chance · rain · light · none / chance · rain · light · none / chance · rain · light · none / slight chance · rain · light · none
39,-76.5,America/New_York,MD,2,1.82,4|4|4|4,chance · rain · light · none / chance · rain · moderate · none / chance · rain · light · none / chance · rain · light · none
39,-76,America/New_York,MD,0,0.33,3|1|1|1,chance · rain · light · none / likely · rain · moderate · none / likely · rain · light · none / likely · rain · light · none
39,-75.75,America/New_York,MD,0,0.2,1|1|1|1,likely · rain · moderate · none / likely · rain · moderate · none / likely · rain · light · none / likely · rain · light · none
39.25,-81.5,America/New_York,WV,4,4,4|4|4|4,
39.25,-81.25,America/New_York,WV,4,4,4|4|4|4,
39.25,-81,America/New_York,WV,4,4,4|4|4|4,
39.25,-80.75,America/New_York,WV,4,4,4|4|4|4,
39.25,-80.5,America/New_York,WV,4,4,3|4|4|4,
39.25,-80.25,America/New_York,WV,4,3.94,3|4|4|4,
39.25,-80,America/New_York,WV,4,3.81,3|4|4|4,
39.25,-79.75,America/New_York,WV,4,3.63,3|4|4|4,
39.25,-79.5,America/New_York,WV,3,3.44,3|3|4|4,
39.25,-79.25,America/New_York,WV,3,3.56,3|3|3|3,
39.25,-79,America/New_York,WV,4,3.88,4|4|4|4,
39.25,-78.75,America/New_York,WV,4,4,4|4|4|4,
39.25,-78.5,America/New_York,WV,4,4,4|4|4|4,
39.25,-78.25,America/New_York,VA,4,3.94,4|4|4|4,
39.25,-78,America/New_York,WV,4,3.88,4|4|4|4,slight chance · rain · light · none
39.25,-77.75,America/New_York,VA,4,3.88,4|4|4|4,slight chance · rain · light · none / slight chance · rain · light · none
39.25,-77.5,America/New_York,VA,4,3.5,4|4|4|4,slight chance · rain · light · none / slight chance · rain · light · none
39.25,-77.25,America/New_York,MD,2,2.94,3|4|2|2,chance · rain · light · none / slight chance · rain · light · none
39.25,-77,America/New_York,MD,3,2.63,3|3|4|2,chance · rain · light · none / slight chance · rain · light · none / slight chance · rain · light · none
39.25,-76.75,America/New_York,MD,2,2.25,3|4|2|2,slight chance · rain · light · none / chance · rain · light · none / chance · rain · light · none / slight chance · rain · light · none
39.25,-76.5,America/New_York,MD,2,1.85,3|4|4|4,chance · rain · light · none / chance · rain · moderate · none / chance · rain · light · none / chance · rain · light · none
39.25,-76,America/New_York,MD,0,0,1|1|1|1,likely · rain · moderate · none / likely · rain · moderate · none / likely · rain · light · none / likely · rain · light · none
39.5,-81,America/New_York,WV,4,4,4|4|4|4,
39.5,-80.75,America/New_York,WV,4,4,4|4|4|4,
39.5,-80.5,America/New_York,WV,4,4,4|4|4|4,
39.5,-80.25,America/New_York,WV,4,4,3|4|4|4,
39.5,-80,America/New_York,WV,4,3.83,3|4|4|4,
39.5,-79.75,America/New_York,WV,3,3.42,2|3|4|4,
39.5,-79.5,America/New_York,WV,3,3.25,2|3|3|3,
39.5,-79.25,America/New_York,MD,4,3.58,3|4|4|4,
39.5,-79,America/New_York,MD,4,3.92,4|4|4|4,
39.5,-78.75,America/New_York,WV,4,4,4|4|4|4,
39.5,-78.5,America/New_York,WV,4,4,4|4|4|4,
39.5,-78.25,America/New_York,WV,4,4,4|4|4|4,
39.5,-78,America/New_York,WV,4,4,4|4|4|4,slight chance · rain · light · none
39.5,-77.75,America/New_York,MD,4,3.83,4|4|4|4,slight chance · rain · light · none / slight chance · rain · light · none
39.5,-77.5,America/New_York,MD,3,3.17,3|3|2|4,slight chance · rain · light · none / slight chance · rain · light · none
39.5,-77.25,America/New_York,MD,2,2.42,3|4|4|4,chance · rain · light · none / chance · rain · light · none
39.5,-77,America/New_York,MD,2,2.17,3|3|3|3,chance · rain · light · none / chance · rain · light · none / slight chance · rain · light · none / slight chance · rain · light · none
39.5,-76.75,America/New_York,MD,2,2.08,3|4|4|2,slight chance · rain · light · none / chance · rain · light · none / chance · rain · light · none / chance · rain · light · none
39.5,-76.5,America/New_York,MD,2,1.64,3|1|2|4,chance · rain · light · none / chance · rain · moderate · none / chance · rain · light · none / chance · rain · light · none
39.5,-76.25,America/New_York,MD,0,0.75,3|4|1|1,chance · rain · light · none / chance · rain · light · none / likely · rain · light · none / likely · rain · light · none
